EpisodeID,ColorName
S01E01,Alizarin Crimson
S01E01,Bright Red
S01E01,Cadmium Yellow
S01E01,Phthalo Green
S01E01,Prussian Blue
S01E01,Sap Green
S01E01,Titanium White
S01E01,Van Dyke Brown
S01E02,Alizarin Crimson
S01E02,Bright Red
S01E02,Cadmium Yellow
S01E02,Phthalo Green
S01E02,Prussian Blue
S01E02,Sap Green
S01E02,Titanium White
S01E02,Van Dyke Brown
S01E03,Alizarin Crimson
S01E03,Black Gesso
S01E03,Bright Red
S01E03,Cadmium Yellow
S01E03,Phthalo Green
S01E03,Prussian Blue
S01E03,Sap Green
S01E03,Titanium White
S01E03,Van Dyke Brown
S01E04,Prussian Blue
S01E04,Titanium White
S01E04,Van Dyke Brown
S01E05,Alizarin Crimson
S01E05,Bright Red
S01E05,Cadmium Yellow
S01E05,Phthalo Green
S01E05,Prussian Blue
S01E05,Sap Green
S01E05,Titanium White
S01E05,Van Dyke Brown
S01E06,Black Gesso
S01E06,Prussian Blue
S01E06,Titanium White
S01E06,Van Dyke Brown
S01E07,Alizarin Crimson
S01E07,Bright Red
S01E07,Cadmium Yellow
S01E07,Phthalo Green
S01E07,Prussian Blue
S01E07,Sap Green
S01E07,Titanium White
S01E07,Van Dyke Brown
S01E08,Alizarin Crimson
S01E08,Bright Red
S01E08,Cadmium Yellow
S01E08,Phthalo Green
S01E08,Prussian Blue
S01E08,Sap Green
S01E08,Titanium White
S01E08,Van Dyke Brown
S01E09,Alizarin Crimson
S01E09,Bright Red
S01E09,Cadmium Yellow
S01E09,Phthalo Green
S01E09,Prussian Blue
S01E09,Sap Green
S01E09,Titanium White
S01E09,Van Dyke Brown
S01E10,Alizarin Crimson
S01E10,Bright Red
S01E10,Cadmium Yellow
S01E10,Phthalo Green
S01E10,Prussian Blue
S01E10,Sap Green
S01E10,Titanium White
S01E10,Van Dyke Brown
S01E11,Alizarin Crimson
S01E11,Bright Red
S01E11,Cadmium Yellow
S01E11,Phthalo Green
S01E11,Prussian Blue
S01E11,Sap Green
S01E11,Titanium White
S01E11,Van Dyke Brown
S01E12,Alizarin Crimson
S01E12,Prussian Blue
S01E12,Titanium White
S01E12,Van Dyke Brown
S01E13,Alizarin Crimson
S01E13,Bright Red
S01E13,Cadmium Yellow
S01E13,Phthalo Green
S01E13,Prussian Blue
S01E13,Sap Green
S01E13,Titanium White
S01E13,Van Dyke Brown
S02E01,Alizarin Crimson
S02E01,Bright Red
S02E01,Burnt Umber
S02E01,Cadmium Yellow
S02E01,Indian Yellow
S02E01,Phthalo Blue
S02E01,Phthalo Green
S02E01,Prussian Blue
S02E01,Sap Green
S02E01,Titanium White
S02E01,Van Dyke Brown
S02E01,Yellow Ochre
S02E02,Alizarin Crimson
S02E02,Bright Red
S02E02,Burnt Umber
S02E02,Cadmium Yellow
S02E02,Indian Yellow
S02E02,Phthalo Blue
S02E02,Phthalo Green
S02E02,Prussian Blue
S02E02,Sap Green
S02E02,Titanium White
S02E02,Van Dyke Brown
S02E02,Yellow Ochre
S02E03,Alizarin Crimson
S02E03,Black Gesso
S02E03,Bright Red
S02E03,Burnt Umber
S02E03,Cadmium Yellow
S02E03,Indian Yellow
S02E03,Phthalo Blue
S02E03,Phthalo Green
S02E03,Prussian Blue
S02E03,Sap Green
S02E03,Titanium White
S02E03,Van Dyke Brown
S02E03,Yellow Ochre
S02E04,Prussian Blue
S02E04,Titanium White
S02E04,Van Dyke Brown
S02E05,Alizarin Crimson
S02E05,Bright Red
S02E05,Burnt Umber
S02E05,Cadmium Yellow
S02E05,Phthalo Blue
S02E05,Phthalo Green
S02E05,Prussian Blue
S02E05,Sap Green
S02E05,Titanium White
S02E05,Van Dyke Brown
S02E05,Yellow Ochre
S02E06,Alizarin Crimson
S02E06,Bright Red
S02E06,Burnt Umber
S02E06,Cadmium Yellow
S02E06,Phthalo Blue
S02E06,Phthalo Green
S02E06,Prussian Blue
S02E06,Sap Green
S02E06,Titanium White
S02E06,Van Dyke Brown
S02E06,Yellow Ochre
S02E07,Alizarin Crimson
S02E07,Bright Red
S02E07,Burnt Umber
S02E07,Cadmium Yellow
S02E07,Phthalo Blue
S02E07,Phthalo Green
S02E07,Prussian Blue
S02E07,Sap Green
S02E07,Titanium White
S02E07,Van Dyke Brown
S02E07,Yellow Ochre
S02E08,Alizarin Crimson
S02E08,Bright Red
S02E08,Burnt Umber
S02E08,Cadmium Yellow
S02E08,Indian Yellow
S02E08,Phthalo Blue
S02E08,Phthalo Green
S02E08,Prussian Blue
S02E08,Sap Green
S02E08,Titanium White
S02E08,Van Dyke Brown
S02E08,Yellow Ochre
S02E09,Alizarin Crimson
S02E09,Black Gesso
S02E09,Bright Red
S02E09,Cadmium Yellow
S02E09,Indian Yellow
S02E09,Phthalo Blue
S02E09,Phthalo Green
S02E09,Prussian Blue
S02E09,Sap Green
S02E09,Titanium White
S02E09,Van Dyke Brown
S02E09,Yellow Ochre
S02E10,Alizarin Crimson
S02E10,Bright Red
S02E10,Burnt Umber
S02E10,Cadmium Yellow
S02E10,Indian Yellow
S02E10,Phthalo Blue
S02E10,Phthalo Green
S02E10,Prussian Blue
S02E10,Sap Green
S02E10,Titanium White
S02E10,Van Dyke Brown
S02E10,Yellow Ochre
S02E11,Alizarin Crimson
S02E11,Black Gesso
S02E11,Burnt Umber
S02E11,Cadmium Yellow
S02E11,Indian Yellow
S02E11,Phthalo Blue
S02E11,Phthalo Green
S02E11,Prussian Blue
S02E11,Sap Green
S02E11,Titanium White
S02E11,Van Dyke Brown
S02E11,Yellow Ochre
S02E12,Alizarin Crimson
S02E12,Bright Red
S02E12,Burnt Umber
S02E12,Cadmium Yellow
S02E12,Indian Yellow
S02E12,Phthalo Blue
S02E12,Phthalo Green
S02E12,Prussian Blue
S02E12,Sap Green
S02E12,Titanium White
S02E12,Van Dyke Brown
S02E12,Yellow Ochre
S02E13,Alizarin Crimson
S02E13,Bright Red
S02E13,Burnt Umber
S02E13,Cadmium Yellow
S02E13,Indian Yellow
S02E13,Phthalo Blue
S02E13,Phthalo Green
S02E13,Prussian Blue
S02E13,Sap Green
S02E13,Titanium White
S02E13,Van Dyke Brown
S02E13,Yellow Ochre
S03E01,Alizarin Crimson
S03E01,Bright Red
S03E01,Burnt Umber
S03E01,Cadmium Yellow
S03E01,Indian Yellow
S03E01,Phthalo Blue
S03E01,Phthalo Green
S03E01,Prussian Blue
S03E01,Sap Green
S03E01,Titanium White
S03E01,Van Dyke Brown
S03E01,Yellow Ochre
S03E02,Alizarin Crimson
S03E02,Bright Red
S03E02,Burnt Umber
S03E02,Cadmium Yellow
S03E02,Indian Yellow
S03E02,Phthalo Blue
S03E02,Phthalo Green
S03E02,Prussian Blue
S03E02,Sap Green
S03E02,Titanium White
S03E02,Van Dyke Brown
S03E02,Yellow Ochre
S03E03,Alizarin Crimson
S03E03,Bright Red
S03E03,Burnt Umber
S03E03,Cadmium Yellow
S03E03,Indian Yellow
S03E03,Phthalo Blue
S03E03,Phthalo Green
S03E03,Prussian Blue
S03E03,Sap Green
S03E03,Titanium White
S03E03,Van Dyke Brown
S03E03,Yellow Ochre
S03E04,Alizarin Crimson
S03E04,Bright Red
S03E04,Cadmium Yellow
S03E04,Liquid Black
S03E04,Phthalo Green
S03E04,Titanium White
S03E04,Van Dyke Brown
S03E05,Alizarin Crimson
S03E05,Burnt Umber
S03E05,Cadmium Yellow
S03E05,Sap Green
S03E05,Titanium White
S03E05,Van Dyke Brown
S03E05,Yellow Ochre
S03E06,Alizarin Crimson
S03E06,Bright Red
S03E06,Burnt Umber
S03E06,Cadmium Yellow
S03E06,Midnight Black
S03E06,Prussian Blue
S03E06,Sap Green
S03E06,Titanium White
S03E06,Van Dyke Brown
S03E06,Yellow Ochre
S03E07,Alizarin Crimson
S03E07,Burnt Umber
S03E07,Cadmium Yellow
S03E07,Phthalo Blue
S03E07,Phthalo Green
S03E07,Prussian Blue
S03E07,Sap Green
S03E07,Titanium White
S03E07,Van Dyke Brown
S03E07,Yellow Ochre
S03E08,Alizarin Crimson
S03E08,Black Gesso
S03E08,Burnt Umber
S03E08,Cadmium Yellow
S03E08,Phthalo Green
S03E08,Sap Green
S03E08,Titanium White
S03E08,Van Dyke Brown
S03E08,Yellow Ochre
S03E09,Alizarin Crimson
S03E09,Bright Red
S03E09,Burnt Umber
S03E09,Cadmium Yellow
S03E09,Phthalo Blue
S03E09,Prussian Blue
S03E09,Sap Green
S03E09,Titanium White
S03E09,Van Dyke Brown
S03E09,Yellow Ochre
S03E10,Alizarin Crimson
S03E10,Black Gesso
S03E10,Bright Red
S03E10,Burnt Umber
S03E10,Cadmium Yellow
S03E10,Indian Yellow
S03E10,Van Dyke Brown
S03E10,Yellow Ochre
S03E11,Alizarin Crimson
S03E11,Bright Red
S03E11,Burnt Umber
S03E11,Cadmium Yellow
S03E11,Indian Yellow
S03E11,Phthalo Blue
S03E11,Phthalo Green
S03E11,Prussian Blue
S03E11,Sap Green
S03E11,Titanium White
S03E11,Van Dyke Brown
S03E11,Yellow Ochre
S03E12,Alizarin Crimson
S03E12,Bright Red
S03E12,Burnt Umber
S03E12,Cadmium Yellow
S03E12,Phthalo Blue
S03E12,Prussian Blue
S03E12,Sap Green
S03E12,Titanium White
S03E12,Van Dyke Brown
S03E12,Yellow Ochre
S03E13,Alizarin Crimson
S03E13,Cadmium Yellow
S03E13,Phthalo Blue
S03E13,Phthalo Green
S03E13,Prussian Blue
S03E13,Sap Green
S03E13,Titanium White
S03E13,Van Dyke Brown
S03E13,Yellow Ochre
S04E01,Alizarin Crimson
S04E01,Phthalo Blue
S04E01,Titanium White
S04E01,Van Dyke Brown
S04E02,Alizarin Crimson
S04E02,Bright Red
S04E02,Burnt Umber
S04E02,Cadmium Yellow
S04E02,Indian Yellow
S04E02,Phthalo Blue
S04E02,Sap Green
S04E02,Titanium White
S04E02,Van Dyke Brown
S04E02,Yellow Ochre
S04E03,Alizarin Crimson
S04E03,Bright Red
S04E03,Burnt Umber
S04E03,Cadmium Yellow
S04E03,Indian Yellow
S04E03,Phthalo Blue
S04E03,Phthalo Green
S04E03,Prussian Blue
S04E03,Sap Green
S04E03,Titanium White
S04E03,Van Dyke Brown
S04E03,Yellow Ochre
S04E04,Black Gesso
S04E04,Bright Red
S04E04,Burnt Umber
S04E04,Cadmium Yellow
S04E04,Midnight Black
S04E04,Prussian Blue
S04E04,Titanium White
S04E05,Alizarin Crimson
S04E05,Black Gesso
S04E05,Bright Red
S04E05,Burnt Umber
S04E05,Cadmium Yellow
S04E05,Phthalo Blue
S04E05,Phthalo Green
S04E05,Prussian Blue
S04E05,Titanium White
S04E05,Van Dyke Brown
S04E06,Alizarin Crimson
S04E06,Bright Red
S04E06,Burnt Umber
S04E06,Cadmium Yellow
S04E06,Indian Yellow
S04E06,Phthalo Blue
S04E06,Prussian Blue
S04E06,Sap Green
S04E06,Titanium White
S04E06,Van Dyke Brown
S04E06,Yellow Ochre
S04E07,Alizarin Crimson
S04E07,Bright Red
S04E07,Burnt Umber
S04E07,Cadmium Yellow
S04E07,Indian Yellow
S04E07,Phthalo Blue
S04E07,Phthalo Green
S04E07,Sap Green
S04E07,Titanium White
S04E07,Van Dyke Brown
S04E07,Yellow Ochre
S04E08,Alizarin Crimson
S04E08,Bright Red
S04E08,Burnt Umber
S04E08,Cadmium Yellow
S04E08,Indian Yellow
S04E08,Prussian Blue
S04E08,Sap Green
S04E08,Titanium White
S04E08,Van Dyke Brown
S04E08,Yellow Ochre
S04E09,Alizarin Crimson
S04E09,Bright Red
S04E09,Burnt Umber
S04E09,Cadmium Yellow
S04E09,Indian Yellow
S04E09,Phthalo Blue
S04E09,Phthalo Green
S04E09,Prussian Blue
S04E09,Sap Green
S04E09,Titanium White
S04E09,Van Dyke Brown
S04E09,Yellow Ochre
S04E10,Alizarin Crimson
S04E10,Bright Red
S04E10,Burnt Umber
S04E10,Cadmium Yellow
S04E10,Indian Yellow
S04E10,Phthalo Blue
S04E10,Phthalo Green
S04E10,Sap Green
S04E10,Titanium White
S04E10,Van Dyke Brown
S04E10,Yellow Ochre
S04E11,Alizarin Crimson
S04E11,Bright Red
S04E11,Burnt Umber
S04E11,Cadmium Yellow
S04E11,Indian Yellow
S04E11,Liquid Black
S04E11,Prussian Blue
S04E11,Sap Green
S04E11,Titanium White
S04E11,Van Dyke Brown
S04E12,Alizarin Crimson
S04E12,Bright Red
S04E12,Burnt Umber
S04E12,Cadmium Yellow
S04E12,Indian Yellow
S04E12,Phthalo Blue
S04E12,Phthalo Green
S04E12,Prussian Blue
S04E12,Sap Green
S04E12,Titanium White
S04E12,Van Dyke Brown
S04E12,Yellow Ochre
S04E13,Alizarin Crimson
S04E13,Cadmium Yellow
S04E13,Indian Yellow
S04E13,Phthalo Blue
S04E13,Phthalo Green
S04E13,Prussian Blue
S04E13,Sap Green
S04E13,Titanium White
S04E13,Van Dyke Brown
S04E13,Yellow Ochre
S05E01,Alizarin Crimson
S05E01,Bright Red
S05E01,Burnt Umber
S05E01,Cadmium Yellow
S05E01,Indian Yellow
S05E01,Phthalo Blue
S05E01,Phthalo Green
S05E01,Sap Green
S05E01,Titanium White
S05E01,Van Dyke Brown
S05E01,Yellow Ochre
S05E02,Alizarin Crimson
S05E02,Black Gesso
S05E02,Bright Red
S05E02,Burnt Umber
S05E02,Cadmium Yellow
S05E02,Indian Yellow
S05E02,Phthalo Blue
S05E02,Phthalo Green
S05E02,Sap Green
S05E02,Titanium White
S05E02,Van Dyke Brown
S05E02,Yellow Ochre
S05E03,Alizarin Crimson
S05E03,Liquid Black
S05E03,Phthalo Blue
S05E03,Phthalo Green
S05E03,Titanium White
S05E04,Alizarin Crimson
S05E04,Burnt Umber
S05E04,Indian Yellow
S05E04,Phthalo Blue
S05E04,Sap Green
S05E04,Titanium White
S05E04,Van Dyke Brown
S05E05,Alizarin Crimson
S05E05,Bright Red
S05E05,Burnt Umber
S05E05,Cadmium Yellow
S05E05,Indian Yellow
S05E05,Phthalo Blue
S05E05,Sap Green
S05E05,Titanium White
S05E05,Van Dyke Brown
S05E05,Yellow Ochre
S05E06,Alizarin Crimson
S05E06,Indian Yellow
S05E06,Liquid Black
S05E06,Prussian Blue
S05E06,Titanium White
S05E06,Van Dyke Brown
S05E07,Alizarin Crimson
S05E07,Bright Red
S05E07,Burnt Umber
S05E07,Cadmium Yellow
S05E07,Indian Yellow
S05E07,Phthalo Blue
S05E07,Sap Green
S05E07,Titanium White
S05E07,Van Dyke Brown
S05E07,Yellow Ochre
S05E08,Alizarin Crimson
S05E08,Burnt Umber
S05E08,Cadmium Yellow
S05E08,Indian Yellow
S05E08,Phthalo Blue
S05E08,Sap Green
S05E08,Titanium White
S05E08,Van Dyke Brown
S05E08,Yellow Ochre
S05E09,Alizarin Crimson
S05E09,Cadmium Yellow
S05E09,Liquid Clear
S05E09,Phthalo Blue
S05E09,Phthalo Green
S05E09,Titanium White
S05E10,Alizarin Crimson
S05E10,Black Gesso
S05E10,Bright Red
S05E10,Burnt Umber
S05E10,Phthalo Blue
S05E10,Phthalo Green
S05E10,Prussian Blue
S05E10,Sap Green
S05E10,Titanium White
S05E10,Van Dyke Brown
S05E10,Yellow Ochre
S05E11,Alizarin Crimson
S05E11,Burnt Umber
S05E11,Cadmium Yellow
S05E11,Indian Yellow
S05E11,Prussian Blue
S05E11,Sap Green
S05E11,Titanium White
S05E11,Van Dyke Brown
S05E12,Bright Red
S05E12,Burnt Umber
S05E12,Indian Yellow
S05E12,Prussian Blue
S05E12,Titanium White
S05E13,Alizarin Crimson
S05E13,Bright Red
S05E13,Burnt Umber
S05E13,Cadmium Yellow
S05E13,Indian Yellow
S05E13,Phthalo Blue
S05E13,Phthalo Green
S05E13,Sap Green
S05E13,Titanium White
S05E13,Van Dyke Brown
S05E13,Yellow Ochre
S06E01,Alizarin Crimson
S06E01,Black Gesso
S06E01,Bright Red
S06E01,Burnt Umber
S06E01,Cadmium Yellow
S06E01,Indian Yellow
S06E01,Phthalo Blue
S06E01,Prussian Blue
S06E01,Sap Green
S06E01,Titanium White
S06E01,Van Dyke Brown
S06E01,Yellow Ochre
S06E02,Alizarin Crimson
S06E02,Bright Red
S06E02,Burnt Umber
S06E02,Cadmium Yellow
S06E02,Indian Yellow
S06E02,Phthalo Blue
S06E02,Prussian Blue
S06E02,Sap Green
S06E02,Titanium White
S06E02,Van Dyke Brown
S06E02,Yellow Ochre
S06E03,Alizarin Crimson
S06E03,Bright Red
S06E03,Burnt Umber
S06E03,Cadmium Yellow
S06E03,Indian Yellow
S06E03,Phthalo Blue
S06E03,Sap Green
S06E03,Titanium White
S06E03,Van Dyke Brown
S06E03,Yellow Ochre
S06E04,Alizarin Crimson
S06E04,Bright Red
S06E04,Burnt Umber
S06E04,Cadmium Yellow
S06E04,Indian Yellow
S06E04,Phthalo Blue
S06E04,Prussian Blue
S06E04,Sap Green
S06E04,Titanium White
S06E04,Van Dyke Brown
S06E04,Yellow Ochre
S06E05,Alizarin Crimson
S06E05,Black Gesso
S06E05,Bright Red
S06E05,Burnt Umber
S06E05,Cadmium Yellow
S06E05,Indian Yellow
S06E05,Phthalo Blue
S06E05,Phthalo Green
S06E05,Sap Green
S06E05,Titanium White
S06E05,Van Dyke Brown
S06E05,Yellow Ochre
S06E06,Alizarin Crimson
S06E06,Burnt Umber
S06E06,Cadmium Yellow
S06E06,Phthalo Blue
S06E06,Phthalo Green
S06E06,Titanium White
S06E06,Van Dyke Brown
S06E06,Yellow Ochre
S06E07,Alizarin Crimson
S06E07,Bright Red
S06E07,Burnt Umber
S06E07,Cadmium Yellow
S06E07,Indian Yellow
S06E07,Phthalo Blue
S06E07,Phthalo Green
S06E07,Sap Green
S06E07,Titanium White
S06E07,Van Dyke Brown
S06E07,Yellow Ochre
S06E08,Alizarin Crimson
S06E08,Bright Red
S06E08,Cadmium Yellow
S06E08,Indian Yellow
S06E08,Prussian Blue
S06E08,Titanium White
S06E08,Van Dyke Brown
S06E09,Alizarin Crimson
S06E09,Bright Red
S06E09,Burnt Umber
S06E09,Cadmium Yellow
S06E09,Indian Yellow
S06E09,Phthalo Blue
S06E09,Phthalo Green
S06E09,Sap Green
S06E09,Titanium White
S06E09,Van Dyke Brown
S06E09,Yellow Ochre
S06E10,Alizarin Crimson
S06E10,Bright Red
S06E10,Burnt Umber
S06E10,Cadmium Yellow
S06E10,Indian Yellow
S06E10,Prussian Blue
S06E10,Sap Green
S06E10,Titanium White
S06E10,Van Dyke Brown
S06E10,Yellow Ochre
S06E11,Alizarin Crimson
S06E11,Bright Red
S06E11,Burnt Umber
S06E11,Cadmium Yellow
S06E11,Indian Yellow
S06E11,Phthalo Blue
S06E11,Phthalo Green
S06E11,Sap Green
S06E11,Titanium White
S06E11,Van Dyke Brown
S06E11,Yellow Ochre
S06E12,Alizarin Crimson
S06E12,Black Gesso
S06E12,Bright Red
S06E12,Burnt Umber
S06E12,Cadmium Yellow
S06E12,Indian Yellow
S06E12,Phthalo Blue
S06E12,Sap Green
S06E12,Titanium White
S06E12,Van Dyke Brown
S06E12,Yellow Ochre
S06E13,Alizarin Crimson
S06E13,Bright Red
S06E13,Burnt Umber
S06E13,Cadmium Yellow
S06E13,Indian Yellow
S06E13,Phthalo Blue
S06E13,Phthalo Green
S06E13,Sap Green
S06E13,Titanium White
S06E13,Van Dyke Brown
S06E13,Yellow Ochre
S07E01,Bright Red
S07E01,Dark Sienna
S07E01,Prussian Blue
S07E01,Titanium White
S07E01,Van Dyke Brown
S07E01,Yellow Ochre
S07E02,Alizarin Crimson
S07E02,Bright Red
S07E02,Cadmium Yellow
S07E02,Dark Sienna
S07E02,Indian Yellow
S07E02,Midnight Black
S07E02,Phthalo Blue
S07E02,Phthalo Green
S07E02,Sap Green
S07E02,Titanium White
S07E02,Van Dyke Brown
S07E02,Yellow Ochre
S07E03,Alizarin Crimson
S07E03,Bright Red
S07E03,Cadmium Yellow
S07E03,Indian Yellow
S07E03,Midnight Black
S07E03,Sap Green
S07E03,Titanium White
S07E04,Alizarin Crimson
S07E04,Bright Red
S07E04,Cadmium Yellow
S07E04,Dark Sienna
S07E04,Indian Yellow
S07E04,Midnight Black
S07E04,Phthalo Blue
S07E04,Phthalo Green
S07E04,Sap Green
S07E04,Titanium White
S07E04,Van Dyke Brown
S07E04,Yellow Ochre
S07E05,Alizarin Crimson
S07E05,Bright Red
S07E05,Cadmium Yellow
S07E05,Dark Sienna
S07E05,Indian Yellow
S07E05,Phthalo Blue
S07E05,Titanium White
S07E05,Yellow Ochre
S07E06,Alizarin Crimson
S07E06,Bright Red
S07E06,Dark Sienna
S07E06,Indian Yellow
S07E06,Midnight Black
S07E06,Phthalo Blue
S07E06,Phthalo Green
S07E06,Sap Green
S07E06,Titanium White
S07E06,Van Dyke Brown
S07E06,Yellow Ochre
S07E07,Alizarin Crimson
S07E07,Bright Red
S07E07,Cadmium Yellow
S07E07,Dark Sienna
S07E07,Indian Yellow
S07E07,Midnight Black
S07E07,Phthalo Blue
S07E07,Titanium White
S07E07,Van Dyke Brown
S07E07,Yellow Ochre
S07E08,Alizarin Crimson
S07E08,Bright Red
S07E08,Cadmium Yellow
S07E08,Dark Sienna
S07E08,Indian Yellow
S07E08,Midnight Black
S07E08,Prussian Blue
S07E08,Sap Green
S07E08,Titanium White
S07E08,Van Dyke Brown
S07E08,Yellow Ochre
S07E09,Alizarin Crimson
S07E09,Bright Red
S07E09,Cadmium Yellow
S07E09,Indian Yellow
S07E09,Phthalo Blue
S07E09,Phthalo Green
S07E09,Prussian Blue
S07E09,Sap Green
S07E09,Titanium White
S07E09,Van Dyke Brown
S07E09,Yellow Ochre
S07E10,Bright Red
S07E10,Cadmium Yellow
S07E10,Dark Sienna
S07E10,Indian Yellow
S07E10,Midnight Black
S07E10,Phthalo Blue
S07E10,Prussian Blue
S07E10,Sap Green
S07E10,Titanium White
S07E10,Van Dyke Brown
S07E10,Yellow Ochre
S07E11,Alizarin Crimson
S07E11,Midnight Black
S07E11,Titanium White
S07E12,Bright Red
S07E12,Cadmium Yellow
S07E12,Dark Sienna
S07E12,Midnight Black
S07E12,Phthalo Blue
S07E12,Sap Green
S07E12,Titanium White
S07E12,Van Dyke Brown
S07E12,Yellow Ochre
S07E13,Alizarin Crimson
S07E13,Bright Red
S07E13,Cadmium Yellow
S07E13,Dark Sienna
S07E13,Indian Yellow
S07E13,Liquid Black
S07E13,Phthalo Blue
S07E13,Sap Green
S07E13,Titanium White
S07E13,Van Dyke Brown
S07E13,Yellow Ochre
S08E01,Alizarin Crimson
S08E01,Bright Red
S08E01,Cadmium Yellow
S08E01,Indian Yellow
S08E01,Midnight Black
S08E01,Phthalo Blue
S08E01,Sap Green
S08E01,Titanium White
S08E01,Van Dyke Brown
S08E01,Yellow Ochre
S08E02,Alizarin Crimson
S08E02,Bright Red
S08E02,Cadmium Yellow
S08E02,Dark Sienna
S08E02,Indian Yellow
S08E02,Midnight Black
S08E02,Phthalo Blue
S08E02,Phthalo Green
S08E02,Sap Green
S08E02,Titanium White
S08E02,Van Dyke Brown
S08E02,Yellow Ochre
S08E03,Alizarin Crimson
S08E03,Bright Red
S08E03,Cadmium Yellow
S08E03,Dark Sienna
S08E03,Indian Yellow
S08E03,Midnight Black
S08E03,Phthalo Blue
S08E03,Titanium White
S08E03,Van Dyke Brown
S08E03,Yellow Ochre
S08E04,Alizarin Crimson
S08E04,Bright Red
S08E04,Cadmium Yellow
S08E04,Dark Sienna
S08E04,Indian Yellow
S08E04,Midnight Black
S08E04,Phthalo Blue
S08E04,Sap Green
S08E04,Titanium White
S08E04,Van Dyke Brown
S08E04,Yellow Ochre
S08E05,Alizarin Crimson
S08E05,Bright Red
S08E05,Cadmium Yellow
S08E05,Dark Sienna
S08E05,Indian Yellow
S08E05,Midnight Black
S08E05,Prussian Blue
S08E05,Sap Green
S08E05,Titanium White
S08E05,Van Dyke Brown
S08E05,Yellow Ochre
S08E06,Alizarin Crimson
S08E06,Bright Red
S08E06,Cadmium Yellow
S08E06,Dark Sienna
S08E06,Indian Yellow
S08E06,Midnight Black
S08E06,Phthalo Blue
S08E06,Sap Green
S08E06,Titanium White
S08E06,Van Dyke Brown
S08E06,Yellow Ochre
S08E07,Alizarin Crimson
S08E07,Bright Red
S08E07,Cadmium Yellow
S08E07,Dark Sienna
S08E07,Indian Yellow
S08E07,Midnight Black
S08E07,Phthalo Blue
S08E07,Titanium White
S08E07,Van Dyke Brown
S08E07,Yellow Ochre
S08E08,Alizarin Crimson
S08E08,Bright Red
S08E08,Cadmium Yellow
S08E08,Dark Sienna
S08E08,Indian Yellow
S08E08,Midnight Black
S08E08,Phthalo Blue
S08E08,Phthalo Green
S08E08,Prussian Blue
S08E08,Sap Green
S08E08,Titanium White
S08E08,Van Dyke Brown
S08E08,Yellow Ochre
S08E09,Alizarin Crimson
S08E09,Bright Red
S08E09,Cadmium Yellow
S08E09,Dark Sienna
S08E09,Indian Yellow
S08E09,Midnight Black
S08E09,Phthalo Blue
S08E09,Sap Green
S08E09,Titanium White
S08E09,Van Dyke Brown
S08E09,Yellow Ochre
S08E10,Alizarin Crimson
S08E10,Black Gesso
S08E10,Bright Red
S08E10,Cadmium Yellow
S08E10,Dark Sienna
S08E10,Indian Yellow
S08E10,Midnight Black
S08E10,Titanium White
S08E10,Van Dyke Brown
S08E10,Yellow Ochre
S08E11,Alizarin Crimson
S08E11,Bright Red
S08E11,Cadmium Yellow
S08E11,Indian Yellow
S08E11,Phthalo Blue
S08E11,Prussian Blue
S08E11,Sap Green
S08E11,Titanium White
S08E11,Van Dyke Brown
S08E11,Yellow Ochre
S08E12,Alizarin Crimson
S08E12,Bright Red
S08E12,Cadmium Yellow
S08E12,Dark Sienna
S08E12,Indian Yellow
S08E12,Midnight Black
S08E12,Phthalo Blue
S08E12,Titanium White
S08E12,Van Dyke Brown
S08E12,Yellow Ochre
S08E13,Alizarin Crimson
S08E13,Black Gesso
S08E13,Bright Red
S08E13,Dark Sienna
S08E13,Midnight Black
S08E13,Phthalo Blue
S08E13,Phthalo Green
S08E13,Titanium White
S08E13,Van Dyke Brown
S09E01,Alizarin Crimson
S09E01,Bright Red
S09E01,Dark Sienna
S09E01,Midnight Black
S09E01,Phthalo Blue
S09E01,Prussian Blue
S09E01,Titanium White
S09E01,Van Dyke Brown
S09E01,Yellow Ochre
S09E02,Alizarin Crimson
S09E02,Bright Red
S09E02,Cadmium Yellow
S09E02,Dark Sienna
S09E02,Liquid Clear
S09E02,Midnight Black
S09E02,Phthalo Blue
S09E02,Prussian Blue
S09E02,Titanium White
S09E02,Van Dyke Brown
S09E02,Yellow Ochre
S09E03,Alizarin Crimson
S09E03,Black Gesso
S09E03,Bright Red
S09E03,Cadmium Yellow
S09E03,Dark Sienna
S09E03,Indian Yellow
S09E03,Midnight Black
S09E03,Phthalo Blue
S09E03,Titanium White
S09E03,Van Dyke Brown
S09E03,Yellow Ochre
S09E04,Alizarin Crimson
S09E04,Bright Red
S09E04,Cadmium Yellow
S09E04,Dark Sienna
S09E04,Indian Yellow
S09E04,Midnight Black
S09E04,Phthalo Blue
S09E04,Sap Green
S09E04,Titanium White
S09E04,Van Dyke Brown
S09E04,Yellow Ochre
S09E05,Alizarin Crimson
S09E05,Bright Red
S09E05,Dark Sienna
S09E05,Midnight Black
S09E05,Phthalo Blue
S09E05,Titanium White
S09E05,Van Dyke Brown
S09E06,Alizarin Crimson
S09E06,Black Gesso
S09E06,Bright Red
S09E06,Cadmium Yellow
S09E06,Dark Sienna
S09E06,Midnight Black
S09E06,Phthalo Blue
S09E06,Prussian Blue
S09E06,Titanium White
S09E06,Van Dyke Brown
S09E06,Yellow Ochre
S09E07,Alizarin Crimson
S09E07,Bright Red
S09E07,Cadmium Yellow
S09E07,Dark Sienna
S09E07,Indian Yellow
S09E07,Midnight Black
S09E07,Phthalo Blue
S09E07,Sap Green
S09E07,Titanium White
S09E07,Van Dyke Brown
S09E07,Yellow Ochre
S09E08,Alizarin Crimson
S09E08,Bright Red
S09E08,Cadmium Yellow
S09E08,Dark Sienna
S09E08,Indian Yellow
S09E08,Midnight Black
S09E08,Phthalo Blue
S09E08,Sap Green
S09E08,Titanium White
S09E08,Van Dyke Brown
S09E08,Yellow Ochre
S09E09,Alizarin Crimson
S09E09,Bright Red
S09E09,Cadmium Yellow
S09E09,Dark Sienna
S09E09,Indian Yellow
S09E09,Midnight Black
S09E09,Phthalo Blue
S09E09,Sap Green
S09E09,Titanium White
S09E09,Van Dyke Brown
S09E09,Yellow Ochre
S09E10,Alizarin Crimson
S09E10,Bright Red
S09E10,Cadmium Yellow
S09E10,Dark Sienna
S09E10,Indian Yellow
S09E10,Midnight Black
S09E10,Phthalo Blue
S09E10,Sap Green
S09E10,Titanium White
S09E10,Van Dyke Brown
S09E10,Yellow Ochre
S09E11,Alizarin Crimson
S09E11,Bright Red
S09E11,Cadmium Yellow
S09E11,Dark Sienna
S09E11,Indian Yellow
S09E11,Midnight Black
S09E11,Phthalo Blue
S09E11,Sap Green
S09E11,Titanium White
S09E11,Van Dyke Brown
S09E11,Yellow Ochre
S09E12,Alizarin Crimson
S09E12,Bright Red
S09E12,Cadmium Yellow
S09E12,Dark Sienna
S09E12,Liquid Clear
S09E12,Midnight Black
S09E12,Phthalo Blue
S09E12,Phthalo Green
S09E12,Prussian Blue
S09E12,Sap Green
S09E12,Titanium White
S09E12,Van Dyke Brown
S09E12,Yellow Ochre
S09E13,Alizarin Crimson
S09E13,Black Gesso
S09E13,Bright Red
S09E13,Cadmium Yellow
S09E13,Dark Sienna
S09E13,Indian Yellow
S09E13,Midnight Black
S09E13,Phthalo Blue
S09E13,Sap Green
S09E13,Titanium White
S09E13,Van Dyke Brown
S09E13,Yellow Ochre
S10E01,Alizarin Crimson
S10E01,Bright Red
S10E01,Cadmium Yellow
S10E01,Dark Sienna
S10E01,Indian Yellow
S10E01,Midnight Black
S10E01,Phthalo Blue
S10E01,Phthalo Green
S10E01,Prussian Blue
S10E01,Sap Green
S10E01,Titanium White
S10E01,Van Dyke Brown
S10E01,Yellow Ochre
S10E02,Alizarin Crimson
S10E02,Bright Red
S10E02,Cadmium Yellow
S10E02,Dark Sienna
S10E02,Indian Yellow
S10E02,Midnight Black
S10E02,Phthalo Blue
S10E02,Prussian Blue
S10E02,Sap Green
S10E02,Titanium White
S10E02,Van Dyke Brown
S10E02,Yellow Ochre
S10E03,Alizarin Crimson
S10E03,Bright Red
S10E03,Cadmium Yellow
S10E03,Dark Sienna
S10E03,Indian Yellow
S10E03,Midnight Black
S10E03,Phthalo Blue
S10E03,Prussian Blue
S10E03,Sap Green
S10E03,Titanium White
S10E03,Van Dyke Brown
S10E03,Yellow Ochre
S10E04,Alizarin Crimson
S10E04,Bright Red
S10E04,Cadmium Yellow
S10E04,Dark Sienna
S10E04,Indian Yellow
S10E04,Midnight Black
S10E04,Phthalo Blue
S10E04,Prussian Blue
S10E04,Sap Green
S10E04,Titanium White
S10E04,Van Dyke Brown
S10E04,Yellow Ochre
S10E05,Alizarin Crimson
S10E05,Black Gesso
S10E05,Bright Red
S10E05,Cadmium Yellow
S10E05,Dark Sienna
S10E05,Midnight Black
S10E05,Phthalo Blue
S10E05,Phthalo Green
S10E05,Prussian Blue
S10E05,Titanium White
S10E05,Van Dyke Brown
S10E05,Yellow Ochre
S10E06,Alizarin Crimson
S10E06,Bright Red
S10E06,Cadmium Yellow
S10E06,Dark Sienna
S10E06,Indian Yellow
S10E06,Midnight Black
S10E06,Phthalo Blue
S10E06,Prussian Blue
S10E06,Sap Green
S10E06,Titanium White
S10E06,Van Dyke Brown
S10E06,Yellow Ochre
S10E07,Alizarin Crimson
S10E07,Bright Red
S10E07,Dark Sienna
S10E07,Midnight Black
S10E07,Phthalo Blue
S10E07,Titanium White
S10E07,Van Dyke Brown
S10E08,Alizarin Crimson
S10E08,Black Gesso
S10E08,Bright Red
S10E08,Cadmium Yellow
S10E08,Dark Sienna
S10E08,Indian Yellow
S10E08,Midnight Black
S10E08,Phthalo Blue
S10E08,Sap Green
S10E08,Titanium White
S10E08,Van Dyke Brown
S10E08,Yellow Ochre
S10E09,Bright Red
S10E09,Cadmium Yellow
S10E09,Dark Sienna
S10E09,Indian Yellow
S10E09,Midnight Black
S10E09,Phthalo Blue
S10E09,Prussian Blue
S10E09,Sap Green
S10E09,Titanium White
S10E09,Van Dyke Brown
S10E09,Yellow Ochre
S10E10,Alizarin Crimson
S10E10,Bright Red
S10E10,Cadmium Yellow
S10E10,Dark Sienna
S10E10,Indian Yellow
S10E10,Liquid Clear
S10E10,Midnight Black
S10E10,Phthalo Blue
S10E10,Prussian Blue
S10E10,Titanium White
S10E10,Van Dyke Brown
S10E10,Yellow Ochre
S10E11,Alizarin Crimson
S10E11,Bright Red
S10E11,Cadmium Yellow
S10E11,Dark Sienna
S10E11,Indian Yellow
S10E11,Midnight Black
S10E11,Phthalo Blue
S10E11,Prussian Blue
S10E11,Sap Green
S10E11,Titanium White
S10E11,Van Dyke Brown
S10E11,Yellow Ochre
S10E12,Alizarin Crimson
S10E12,Bright Red
S10E12,Cadmium Yellow
S10E12,Dark Sienna
S10E12,Midnight Black
S10E12,Phthalo Blue
S10E12,Prussian Blue
S10E12,Titanium White
S10E12,Van Dyke Brown
S10E13,Alizarin Crimson
S10E13,Bright Red
S10E13,Cadmium Yellow
S10E13,Dark Sienna
S10E13,Indian Yellow
S10E13,Midnight Black
S10E13,Phthalo Blue
S10E13,Prussian Blue
S10E13,Sap Green
S10E13,Titanium White
S10E13,Van Dyke Brown
S10E13,Yellow Ochre
S11E01,Alizarin Crimson
S11E01,Bright Red
S11E01,Cadmium Yellow
S11E01,Dark Sienna
S11E01,Indian Yellow
S11E01,Midnight Black
S11E01,Phthalo Blue
S11E01,Prussian Blue
S11E01,Sap Green
S11E01,Titanium White
S11E01,Van Dyke Brown
S11E01,Yellow Ochre
S11E02,Alizarin Crimson
S11E02,Bright Red
S11E02,Dark Sienna
S11E02,Midnight Black
S11E02,Prussian Blue
S11E02,Titanium White
S11E02,Van Dyke Brown
S11E03,Alizarin Crimson
S11E03,Cadmium Yellow
S11E03,Dark Sienna
S11E03,Liquid Clear
S11E03,Midnight Black
S11E03,Phthalo Blue
S11E03,Sap Green
S11E03,Titanium White
S11E03,Van Dyke Brown
S11E03,Yellow Ochre
S11E04,Alizarin Crimson
S11E04,Bright Red
S11E04,Cadmium Yellow
S11E04,Dark Sienna
S11E04,Indian Yellow
S11E04,Midnight Black
S11E04,Phthalo Blue
S11E04,Prussian Blue
S11E04,Sap Green
S11E04,Titanium White
S11E04,Van Dyke Brown
S11E04,Yellow Ochre
S11E05,Alizarin Crimson
S11E05,Black Gesso
S11E05,Bright Red
S11E05,Cadmium Yellow
S11E05,Dark Sienna
S11E05,Indian Yellow
S11E05,Midnight Black
S11E05,Prussian Blue
S11E05,Sap Green
S11E05,Titanium White
S11E05,Van Dyke Brown
S11E05,Yellow Ochre
S11E06,Bright Red
S11E06,Dark Sienna
S11E06,Midnight Black
S11E06,Prussian Blue
S11E06,Titanium White
S11E06,Van Dyke Brown
S11E07,Alizarin Crimson
S11E07,Bright Red
S11E07,Cadmium Yellow
S11E07,Dark Sienna
S11E07,Indian Yellow
S11E07,Midnight Black
S11E07,Phthalo Blue
S11E07,Prussian Blue
S11E07,Sap Green
S11E07,Titanium White
S11E07,Van Dyke Brown
S11E07,Yellow Ochre
S11E08,Alizarin Crimson
S11E08,Bright Red
S11E08,Cadmium Yellow
S11E08,Dark Sienna
S11E08,Indian Yellow
S11E08,Midnight Black
S11E08,Phthalo Blue
S11E08,Sap Green
S11E08,Titanium White
S11E08,Van Dyke Brown
S11E08,Yellow Ochre
S11E09,Alizarin Crimson
S11E09,Dark Sienna
S11E09,Midnight Black
S11E09,Phthalo Blue
S11E09,Titanium White
S11E09,Van Dyke Brown
S11E10,Alizarin Crimson
S11E10,Black Gesso
S11E10,Bright Red
S11E10,Cadmium Yellow
S11E10,Dark Sienna
S11E10,Indian Yellow
S11E10,Midnight Black
S11E10,Phthalo Blue
S11E10,Titanium White
S11E10,Van Dyke Brown
S11E11,Cadmium Yellow
S11E11,Dark Sienna
S11E11,Indian Yellow
S11E11,Liquid Clear
S11E11,Prussian Blue
S11E11,Titanium White
S11E11,Van Dyke Brown
S11E11,Yellow Ochre
S11E12,Alizarin Crimson
S11E12,Bright Red
S11E12,Cadmium Yellow
S11E12,Dark Sienna
S11E12,Indian Yellow
S11E12,Midnight Black
S11E12,Prussian Blue
S11E12,Sap Green
S11E12,Titanium White
S11E12,Van Dyke Brown
S11E12,Yellow Ochre
S11E13,Alizarin Crimson
S11E13,Bright Red
S11E13,Cadmium Yellow
S11E13,Dark Sienna
S11E13,Indian Yellow
S11E13,Midnight Black
S11E13,Prussian Blue
S11E13,Sap Green
S11E13,Titanium White
S11E13,Van Dyke Brown
S11E13,Yellow Ochre
S12E01,Cadmium Yellow
S12E01,Dark Sienna
S12E01,Indian Yellow
S12E01,Midnight Black
S12E01,Titanium White
S12E01,Van Dyke Brown
S12E01,Yellow Ochre
S12E02,Alizarin Crimson
S12E02,Bright Red
S12E02,Cadmium Yellow
S12E02,Dark Sienna
S12E02,Indian Yellow
S12E02,Midnight Black
S12E02,Phthalo Blue
S12E02,Prussian Blue
S12E02,Sap Green
S12E02,Titanium White
S12E02,Van Dyke Brown
S12E02,Yellow Ochre
S12E03,Alizarin Crimson
S12E03,Bright Red
S12E03,Cadmium Yellow
S12E03,Dark Sienna
S12E03,Indian Yellow
S12E03,Midnight Black
S12E03,Phthalo Blue
S12E03,Phthalo Green
S12E03,Prussian Blue
S12E03,Sap Green
S12E03,Titanium White
S12E03,Van Dyke Brown
S12E03,Yellow Ochre
S12E04,Alizarin Crimson
S12E04,Bright Red
S12E04,Cadmium Yellow
S12E04,Dark Sienna
S12E04,Indian Yellow
S12E04,Liquid Black
S12E04,Midnight Black
S12E04,Phthalo Green
S12E04,Prussian Blue
S12E04,Sap Green
S12E04,Titanium White
S12E04,Van Dyke Brown
S12E04,Yellow Ochre
S12E05,Black Gesso
S12E05,Bright Red
S12E05,Cadmium Yellow
S12E05,Dark Sienna
S12E05,Midnight Black
S12E05,Phthalo Blue
S12E05,Phthalo Green
S12E05,Titanium White
S12E05,Van Dyke Brown
S12E06,Alizarin Crimson
S12E06,Bright Red
S12E06,Cadmium Yellow
S12E06,Dark Sienna
S12E06,Indian Yellow
S12E06,Midnight Black
S12E06,Phthalo Blue
S12E06,Prussian Blue
S12E06,Sap Green
S12E06,Titanium White
S12E06,Van Dyke Brown
S12E06,Yellow Ochre
S12E07,Alizarin Crimson
S12E07,Bright Red
S12E07,Cadmium Yellow
S12E07,Dark Sienna
S12E07,Indian Yellow
S12E07,Midnight Black
S12E07,Phthalo Blue
S12E07,Prussian Blue
S12E07,Sap Green
S12E07,Titanium White
S12E07,Van Dyke Brown
S12E07,Yellow Ochre
S12E08,Black Gesso
S12E08,Bright Red
S12E08,Cadmium Yellow
S12E08,Dark Sienna
S12E08,Indian Yellow
S12E08,Midnight Black
S12E08,Phthalo Blue
S12E08,Sap Green
S12E08,Titanium White
S12E08,Van Dyke Brown
S12E08,Yellow Ochre
S12E09,Alizarin Crimson
S12E09,Bright Red
S12E09,Cadmium Yellow
S12E09,Dark Sienna
S12E09,Indian Yellow
S12E09,Liquid Clear
S12E09,Midnight Black
S12E09,Phthalo Blue
S12E09,Prussian Blue
S12E09,Titanium White
S12E09,Van Dyke Brown
S12E09,Yellow Ochre
S12E10,Alizarin Crimson
S12E10,Bright Red
S12E10,Cadmium Yellow
S12E10,Dark Sienna
S12E10,Indian Yellow
S12E10,Liquid Clear
S12E10,Midnight Black
S12E10,Phthalo Blue
S12E10,Prussian Blue
S12E10,Sap Green
S12E10,Titanium White
S12E10,Van Dyke Brown
S12E10,Yellow Ochre
S12E11,Alizarin Crimson
S12E11,Bright Red
S12E11,Cadmium Yellow
S12E11,Dark Sienna
S12E11,Indian Yellow
S12E11,Midnight Black
S12E11,Phthalo Blue
S12E11,Prussian Blue
S12E11,Sap Green
S12E11,Titanium White
S12E11,Van Dyke Brown
S12E11,Yellow Ochre
S12E12,Alizarin Crimson
S12E12,Bright Red
S12E12,Cadmium Yellow
S12E12,Dark Sienna
S12E12,Indian Yellow
S12E12,Midnight Black
S12E12,Phthalo Blue
S12E12,Sap Green
S12E12,Titanium White
S12E12,Van Dyke Brown
S12E12,Yellow Ochre
S12E13,Alizarin Crimson
S12E13,Bright Red
S12E13,Midnight Black
S12E13,Phthalo Blue
S12E13,Prussian Blue
S12E13,Titanium White
S12E13,Van Dyke Brown
S13E01,Alizarin Crimson
S13E01,Bright Red
S13E01,Cadmium Yellow
S13E01,Dark Sienna
S13E01,Indian Yellow
S13E01,Midnight Black
S13E01,Phthalo Blue
S13E01,Prussian Blue
S13E01,Sap Green
S13E01,Titanium White
S13E01,Van Dyke Brown
S13E01,Yellow Ochre
S13E02,Dark Sienna
S13E02,Midnight Black
S13E02,Prussian Blue
S13E02,Titanium White
S13E02,Van Dyke Brown
S13E03,Alizarin Crimson
S13E03,Bright Red
S13E03,Cadmium Yellow
S13E03,Dark Sienna
S13E03,Indian Yellow
S13E03,Midnight Black
S13E03,Phthalo Blue
S13E03,Phthalo Green
S13E03,Prussian Blue
S13E03,Sap Green
S13E03,Titanium White
S13E03,Van Dyke Brown
S13E03,Yellow Ochre
S13E04,Alizarin Crimson
S13E04,Black Gesso
S13E04,Bright Red
S13E04,Cadmium Yellow
S13E04,Dark Sienna
S13E04,Indian Yellow
S13E04,Midnight Black
S13E04,Phthalo Blue
S13E04,Sap Green
S13E04,Titanium White
S13E04,Van Dyke Brown
S13E04,Yellow Ochre
S13E05,Alizarin Crimson
S13E05,Bright Red
S13E05,Cadmium Yellow
S13E05,Dark Sienna
S13E05,Indian Yellow
S13E05,Midnight Black
S13E05,Phthalo Blue
S13E05,Sap Green
S13E05,Titanium White
S13E05,Van Dyke Brown
S13E05,Yellow Ochre
S13E06,Black Gesso
S13E06,Cadmium Yellow
S13E06,Dark Sienna
S13E06,Indian Yellow
S13E06,Midnight Black
S13E06,Phthalo Blue
S13E06,Sap Green
S13E06,Titanium White
S13E06,Van Dyke Brown
S13E06,Yellow Ochre
S13E07,Alizarin Crimson
S13E07,Bright Red
S13E07,Cadmium Yellow
S13E07,Dark Sienna
S13E07,Indian Yellow
S13E07,Midnight Black
S13E07,Phthalo Blue
S13E07,Phthalo Green
S13E07,Prussian Blue
S13E07,Sap Green
S13E07,Titanium White
S13E07,Van Dyke Brown
S13E07,Yellow Ochre
S13E08,Alizarin Crimson
S13E08,Cadmium Yellow
S13E08,Dark Sienna
S13E08,Indian Yellow
S13E08,Midnight Black
S13E08,Phthalo Blue
S13E08,Sap Green
S13E08,Titanium White
S13E08,Van Dyke Brown
S13E08,Yellow Ochre
S13E09,Black Gesso
S13E09,Cadmium Yellow
S13E09,Dark Sienna
S13E09,Midnight Black
S13E09,Prussian Blue
S13E09,Sap Green
S13E09,Titanium White
S13E09,Van Dyke Brown
S13E09,Yellow Ochre
S13E10,Alizarin Crimson
S13E10,Bright Red
S13E10,Cadmium Yellow
S13E10,Dark Sienna
S13E10,Indian Yellow
S13E10,Midnight Black
S13E10,Phthalo Blue
S13E10,Prussian Blue
S13E10,Sap Green
S13E10,Titanium White
S13E10,Van Dyke Brown
S13E10,Yellow Ochre
S13E11,Alizarin Crimson
S13E11,Bright Red
S13E11,Cadmium Yellow
S13E11,Dark Sienna
S13E11,Midnight Black
S13E11,Phthalo Blue
S13E11,Prussian Blue
S13E11,Titanium White
S13E11,Van Dyke Brown
S13E11,Yellow Ochre
S13E12,Alizarin Crimson
S13E12,Cadmium Yellow
S13E12,Dark Sienna
S13E12,Midnight Black
S13E12,Phthalo Blue
S13E12,Phthalo Green
S13E12,Titanium White
S13E12,Van Dyke Brown
S13E13,Alizarin Crimson
S13E13,Bright Red
S13E13,Cadmium Yellow
S13E13,Dark Sienna
S13E13,Indian Yellow
S13E13,Midnight Black
S13E13,Phthalo Blue
S13E13,Prussian Blue
S13E13,Sap Green
S13E13,Titanium White
S13E13,Van Dyke Brown
S13E13,Yellow Ochre
S14E01,Alizarin Crimson
S14E01,Bright Red
S14E01,Cadmium Yellow
S14E01,Dark Sienna
S14E01,Indian Yellow
S14E01,Midnight Black
S14E01,Phthalo Blue
S14E01,Phthalo Green
S14E01,Prussian Blue
S14E01,Sap Green
S14E01,Titanium White
S14E01,Van Dyke Brown
S14E01,Yellow Ochre
S14E02,Alizarin Crimson
S14E02,Bright Red
S14E02,Cadmium Yellow
S14E02,Dark Sienna
S14E02,Indian Yellow
S14E02,Midnight Black
S14E02,Phthalo Blue
S14E02,Prussian Blue
S14E02,Sap Green
S14E02,Titanium White
S14E02,Van Dyke Brown
S14E02,Yellow Ochre
S14E03,Alizarin Crimson
S14E03,Black Gesso
S14E03,Cadmium Yellow
S14E03,Dark Sienna
S14E03,Indian Yellow
S14E03,Midnight Black
S14E03,Phthalo Blue
S14E03,Prussian Blue
S14E03,Sap Green
S14E03,Titanium White
S14E03,Van Dyke Brown
S14E03,Yellow Ochre
S14E04,Alizarin Crimson
S14E04,Dark Sienna
S14E04,Midnight Black
S14E04,Phthalo Blue
S14E04,Titanium White
S14E04,Van Dyke Brown
S14E04,Yellow Ochre
S14E05,Alizarin Crimson
S14E05,Bright Red
S14E05,Cadmium Yellow
S14E05,Dark Sienna
S14E05,Indian Yellow
S14E05,Midnight Black
S14E05,Phthalo Blue
S14E05,Phthalo Green
S14E05,Prussian Blue
S14E05,Sap Green
S14E05,Titanium White
S14E05,Van Dyke Brown
S14E05,Yellow Ochre
S14E06,Alizarin Crimson
S14E06,Bright Red
S14E06,Cadmium Yellow
S14E06,Dark Sienna
S14E06,Indian Yellow
S14E06,Midnight Black
S14E06,Phthalo Blue
S14E06,Prussian Blue
S14E06,Sap Green
S14E06,Titanium White
S14E06,Van Dyke Brown
S14E06,Yellow Ochre
S14E07,Alizarin Crimson
S14E07,Bright Red
S14E07,Cadmium Yellow
S14E07,Dark Sienna
S14E07,Indian Yellow
S14E07,Liquid Black
S14E07,Midnight Black
S14E07,Phthalo Blue
S14E07,Phthalo Green
S14E07,Prussian Blue
S14E07,Sap Green
S14E07,Titanium White
S14E07,Van Dyke Brown
S14E07,Yellow Ochre
S14E08,Alizarin Crimson
S14E08,Bright Red
S14E08,Cadmium Yellow
S14E08,Dark Sienna
S14E08,Indian Yellow
S14E08,Midnight Black
S14E08,Phthalo Blue
S14E08,Prussian Blue
S14E08,Titanium White
S14E08,Van Dyke Brown
S14E08,Yellow Ochre
S14E09,Alizarin Crimson
S14E09,Bright Red
S14E09,Cadmium Yellow
S14E09,Dark Sienna
S14E09,Indian Yellow
S14E09,Midnight Black
S14E09,Phthalo Blue
S14E09,Phthalo Green
S14E09,Prussian Blue
S14E09,Sap Green
S14E09,Titanium White
S14E09,Van Dyke Brown
S14E09,Yellow Ochre
S14E10,Alizarin Crimson
S14E10,Bright Red
S14E10,Cadmium Yellow
S14E10,Dark Sienna
S14E10,Indian Yellow
S14E10,Midnight Black
S14E10,Phthalo Blue
S14E10,Phthalo Green
S14E10,Prussian Blue
S14E10,Sap Green
S14E10,Titanium White
S14E10,Van Dyke Brown
S14E10,Yellow Ochre
S14E11,Alizarin Crimson
S14E11,Black Gesso
S14E11,Bright Red
S14E11,Cadmium Yellow
S14E11,Dark Sienna
S14E11,Indian Yellow
S14E11,Midnight Black
S14E11,Phthalo Blue
S14E11,Prussian Blue
S14E11,Sap Green
S14E11,Titanium White
S14E11,Van Dyke Brown
S14E11,Yellow Ochre
S14E12,Alizarin Crimson
S14E12,Black Gesso
S14E12,Bright Red
S14E12,Cadmium Yellow
S14E12,Dark Sienna
S14E12,Indian Yellow
S14E12,Midnight Black
S14E12,Phthalo Blue
S14E12,Sap Green
S14E12,Titanium White
S14E12,Van Dyke Brown
S14E12,Yellow Ochre
S14E13,Alizarin Crimson
S14E13,Cadmium Yellow
S14E13,Dark Sienna
S14E13,Indian Yellow
S14E13,Midnight Black
S14E13,Phthalo Blue
S14E13,Prussian Blue
S14E13,Sap Green
S14E13,Titanium White
S14E13,Van Dyke Brown
S14E13,Yellow Ochre
S15E01,Alizarin Crimson
S15E01,Bright Red
S15E01,Cadmium Yellow
S15E01,Dark Sienna
S15E01,Midnight Black
S15E01,Phthalo Blue
S15E01,Prussian Blue
S15E01,Titanium White
S15E01,Van Dyke Brown
S15E01,Yellow Ochre
S15E02,Alizarin Crimson
S15E02,Bright Red
S15E02,Cadmium Yellow
S15E02,Dark Sienna
S15E02,Indian Yellow
S15E02,Midnight Black
S15E02,Phthalo Blue
S15E02,Prussian Blue
S15E02,Sap Green
S15E02,Titanium White
S15E02,Van Dyke Brown
S15E02,Yellow Ochre
S15E03,Alizarin Crimson
S15E03,Bright Red
S15E03,Cadmium Yellow
S15E03,Dark Sienna
S15E03,Indian Yellow
S15E03,Midnight Black
S15E03,Prussian Blue
S15E03,Sap Green
S15E03,Titanium White
S15E03,Van Dyke Brown
S15E03,Yellow Ochre
S15E04,Alizarin Crimson
S15E04,Bright Red
S15E04,Cadmium Yellow
S15E04,Dark Sienna
S15E04,Indian Yellow
S15E04,Midnight Black
S15E04,Phthalo Blue
S15E04,Phthalo Green
S15E04,Prussian Blue
S15E04,Sap Green
S15E04,Titanium White
S15E04,Van Dyke Brown
S15E04,Yellow Ochre
S15E05,Alizarin Crimson
S15E05,Black Gesso
S15E05,Dark Sienna
S15E05,Midnight Black
S15E05,Phthalo Blue
S15E05,Prussian Blue
S15E05,Titanium White
S15E05,Van Dyke Brown
S15E06,Alizarin Crimson
S15E06,Bright Red
S15E06,Cadmium Yellow
S15E06,Dark Sienna
S15E06,Liquid Clear
S15E06,Midnight Black
S15E06,Phthalo Blue
S15E06,Phthalo Green
S15E06,Prussian Blue
S15E06,Titanium White
S15E06,Van Dyke Brown
S15E06,Yellow Ochre
S15E07,Alizarin Crimson
S15E07,Bright Red
S15E07,Cadmium Yellow
S15E07,Dark Sienna
S15E07,Indian Yellow
S15E07,Midnight Black
S15E07,Phthalo Blue
S15E07,Prussian Blue
S15E07,Sap Green
S15E07,Titanium White
S15E07,Van Dyke Brown
S15E07,Yellow Ochre
S15E08,Alizarin Crimson
S15E08,Bright Red
S15E08,Cadmium Yellow
S15E08,Dark Sienna
S15E08,Indian Yellow
S15E08,Midnight Black
S15E08,Phthalo Blue
S15E08,Prussian Blue
S15E08,Sap Green
S15E08,Titanium White
S15E08,Van Dyke Brown
S15E08,Yellow Ochre
S15E09,Alizarin Crimson
S15E09,Black Gesso
S15E09,Cadmium Yellow
S15E09,Dark Sienna
S15E09,Midnight Black
S15E09,Phthalo Blue
S15E09,Prussian Blue
S15E09,Titanium White
S15E09,Van Dyke Brown
S15E10,Alizarin Crimson
S15E10,Black Gesso
S15E10,Bright Red
S15E10,Cadmium Yellow
S15E10,Dark Sienna
S15E10,Indian Yellow
S15E10,Midnight Black
S15E10,Phthalo Blue
S15E10,Sap Green
S15E10,Titanium White
S15E10,Van Dyke Brown
S15E10,Yellow Ochre
S15E11,Alizarin Crimson
S15E11,Bright Red
S15E11,Cadmium Yellow
S15E11,Dark Sienna
S15E11,Indian Yellow
S15E11,Midnight Black
S15E11,Phthalo Blue
S15E11,Prussian Blue
S15E11,Sap Green
S15E11,Titanium White
S15E11,Van Dyke Brown
S15E11,Yellow Ochre
S15E12,Alizarin Crimson
S15E12,Black Gesso
S15E12,Bright Red
S15E12,Cadmium Yellow
S15E12,Dark Sienna
S15E12,Indian Yellow
S15E12,Midnight Black
S15E12,Phthalo Blue
S15E12,Prussian Blue
S15E12,Sap Green
S15E12,Titanium White
S15E12,Van Dyke Brown
S15E12,Yellow Ochre
S15E13,Alizarin Crimson
S15E13,Cadmium Yellow
S15E13,Dark Sienna
S15E13,Indian Yellow
S15E13,Midnight Black
S15E13,Phthalo Blue
S15E13,Prussian Blue
S15E13,Sap Green
S15E13,Titanium White
S15E13,Van Dyke Brown
S15E13,Yellow Ochre
S16E01,Alizarin Crimson
S16E01,Bright Red
S16E01,Cadmium Yellow
S16E01,Dark Sienna
S16E01,Indian Yellow
S16E01,Midnight Black
S16E01,Phthalo Blue
S16E01,Phthalo Green
S16E01,Prussian Blue
S16E01,Sap Green
S16E01,Titanium White
S16E01,Van Dyke Brown
S16E01,Yellow Ochre
S16E02,Alizarin Crimson
S16E02,Black Gesso
S16E02,Bright Red
S16E02,Cadmium Yellow
S16E02,Dark Sienna
S16E02,Indian Yellow
S16E02,Midnight Black
S16E02,Phthalo Blue
S16E02,Sap Green
S16E02,Titanium White
S16E02,Van Dyke Brown
S16E02,Yellow Ochre
S16E03,Alizarin Crimson
S16E03,Bright Red
S16E03,Cadmium Yellow
S16E03,Dark Sienna
S16E03,Indian Yellow
S16E03,Midnight Black
S16E03,Phthalo Blue
S16E03,Prussian Blue
S16E03,Titanium White
S16E03,Van Dyke Brown
S16E03,Yellow Ochre
S16E04,Alizarin Crimson
S16E04,Bright Red
S16E04,Cadmium Yellow
S16E04,Dark Sienna
S16E04,Indian Yellow
S16E04,Midnight Black
S16E04,Phthalo Blue
S16E04,Prussian Blue
S16E04,Sap Green
S16E04,Titanium White
S16E04,Van Dyke Brown
S16E04,Yellow Ochre
S16E05,Alizarin Crimson
S16E05,Bright Red
S16E05,Cadmium Yellow
S16E05,Dark Sienna
S16E05,Indian Yellow
S16E05,Midnight Black
S16E05,Phthalo Blue
S16E05,Phthalo Green
S16E05,Prussian Blue
S16E05,Sap Green
S16E05,Titanium White
S16E05,Van Dyke Brown
S16E05,Yellow Ochre
S16E06,Van Dyke Brown
S16E07,Alizarin Crimson
S16E07,Bright Red
S16E07,Cadmium Yellow
S16E07,Dark Sienna
S16E07,Midnight Black
S16E07,Phthalo Blue
S16E07,Sap Green
S16E07,Titanium White
S16E07,Van Dyke Brown
S16E07,Yellow Ochre
S16E08,Alizarin Crimson
S16E08,Black Gesso
S16E08,Bright Red
S16E08,Cadmium Yellow
S16E08,Dark Sienna
S16E08,Indian Yellow
S16E08,Midnight Black
S16E08,Phthalo Blue
S16E08,Sap Green
S16E08,Titanium White
S16E08,Van Dyke Brown
S16E08,Yellow Ochre
S16E09,Alizarin Crimson
S16E09,Dark Sienna
S16E09,Midnight Black
S16E09,Phthalo Blue
S16E09,Titanium White
S16E09,Van Dyke Brown
S16E09,Yellow Ochre
S16E10,Alizarin Crimson
S16E10,Bright Red
S16E10,Cadmium Yellow
S16E10,Indian Yellow
S16E10,Midnight Black
S16E10,Phthalo Blue
S16E10,Sap Green
S16E10,Titanium White
S16E10,Van Dyke Brown
S16E11,Alizarin Crimson
S16E11,Black Gesso
S16E11,Cadmium Yellow
S16E11,Dark Sienna
S16E11,Indian Yellow
S16E11,Midnight Black
S16E11,Phthalo Blue
S16E11,Sap Green
S16E11,Titanium White
S16E11,Van Dyke Brown
S16E11,Yellow Ochre
S16E12,Alizarin Crimson
S16E12,Bright Red
S16E12,Cadmium Yellow
S16E12,Dark Sienna
S16E12,Indian Yellow
S16E12,Midnight Black
S16E12,Prussian Blue
S16E12,Sap Green
S16E12,Titanium White
S16E12,Van Dyke Brown
S16E12,Yellow Ochre
S16E13,Alizarin Crimson
S16E13,Black Gesso
S16E13,Bright Red
S16E13,Cadmium Yellow
S16E13,Dark Sienna
S16E13,Indian Yellow
S16E13,Midnight Black
S16E13,Phthalo Blue
S16E13,Sap Green
S16E13,Titanium White
S16E13,Van Dyke Brown
S16E13,Yellow Ochre
S17E01,Alizarin Crimson
S17E01,Bright Red
S17E01,Cadmium Yellow
S17E01,Dark Sienna
S17E01,Midnight Black
S17E01,Phthalo Blue
S17E01,Titanium White
S17E01,Van Dyke Brown
S17E01,Yellow Ochre
S17E02,Alizarin Crimson
S17E02,Bright Red
S17E02,Cadmium Yellow
S17E02,Dark Sienna
S17E02,Indian Yellow
S17E02,Midnight Black
S17E02,Phthalo Blue
S17E02,Sap Green
S17E02,Titanium White
S17E02,Van Dyke Brown
S17E02,Yellow Ochre
S17E03,Alizarin Crimson
S17E03,Black Gesso
S17E03,Bright Red
S17E03,Cadmium Yellow
S17E03,Dark Sienna
S17E03,Indian Yellow
S17E03,Midnight Black
S17E03,Phthalo Blue
S17E03,Prussian Blue
S17E03,Sap Green
S17E03,Titanium White
S17E03,Van Dyke Brown
S17E03,Yellow Ochre
S17E04,Alizarin Crimson
S17E04,Bright Red
S17E04,Cadmium Yellow
S17E04,Dark Sienna
S17E04,Midnight Black
S17E04,Phthalo Blue
S17E04,Titanium White
S17E04,Van Dyke Brown
S17E04,Yellow Ochre
S17E05,Alizarin Crimson
S17E05,Bright Red
S17E05,Cadmium Yellow
S17E05,Dark Sienna
S17E05,Indian Yellow
S17E05,Liquid Clear
S17E05,Midnight Black
S17E05,Phthalo Blue
S17E05,Prussian Blue
S17E05,Sap Green
S17E05,Titanium White
S17E05,Van Dyke Brown
S17E05,Yellow Ochre
S17E06,Alizarin Crimson
S17E06,Bright Red
S17E06,Cadmium Yellow
S17E06,Dark Sienna
S17E06,Indian Yellow
S17E06,Midnight Black
S17E06,Phthalo Blue
S17E06,Titanium White
S17E06,Van Dyke Brown
S17E06,Yellow Ochre
S17E07,Alizarin Crimson
S17E07,Black Gesso
S17E07,Bright Red
S17E07,Cadmium Yellow
S17E07,Dark Sienna
S17E07,Indian Yellow
S17E07,Liquid Clear
S17E07,Midnight Black
S17E07,Phthalo Blue
S17E07,Phthalo Green
S17E07,Prussian Blue
S17E07,Sap Green
S17E07,Titanium White
S17E07,Van Dyke Brown
S17E07,Yellow Ochre
S17E08,Alizarin Crimson
S17E08,Bright Red
S17E08,Cadmium Yellow
S17E08,Dark Sienna
S17E08,Indian Yellow
S17E08,Midnight Black
S17E08,Phthalo Blue
S17E08,Phthalo Green
S17E08,Prussian Blue
S17E08,Sap Green
S17E08,Titanium White
S17E08,Van Dyke Brown
S17E08,Yellow Ochre
S17E09,Alizarin Crimson
S17E09,Bright Red
S17E09,Cadmium Yellow
S17E09,Dark Sienna
S17E09,Indian Yellow
S17E09,Midnight Black
S17E09,Phthalo Blue
S17E09,Prussian Blue
S17E09,Sap Green
S17E09,Titanium White
S17E09,Van Dyke Brown
S17E09,Yellow Ochre
S17E10,Alizarin Crimson
S17E10,Bright Red
S17E10,Cadmium Yellow
S17E10,Dark Sienna
S17E10,Indian Yellow
S17E10,Midnight Black
S17E10,Phthalo Blue
S17E10,Sap Green
S17E10,Titanium White
S17E10,Van Dyke Brown
S17E10,Yellow Ochre
S17E11,Alizarin Crimson
S17E11,Black Gesso
S17E11,Bright Red
S17E11,Cadmium Yellow
S17E11,Dark Sienna
S17E11,Midnight Black
S17E11,Phthalo Blue
S17E11,Prussian Blue
S17E11,Sap Green
S17E11,Titanium White
S17E11,Van Dyke Brown
S17E11,Yellow Ochre
S17E12,Alizarin Crimson
S17E12,Black Gesso
S17E12,Bright Red
S17E12,Cadmium Yellow
S17E12,Dark Sienna
S17E12,Indian Yellow
S17E12,Midnight Black
S17E12,Phthalo Blue
S17E12,Prussian Blue
S17E12,Sap Green
S17E12,Titanium White
S17E12,Van Dyke Brown
S17E12,Yellow Ochre
S17E13,Alizarin Crimson
S17E13,Bright Red
S17E13,Cadmium Yellow
S17E13,Dark Sienna
S17E13,Indian Yellow
S17E13,Midnight Black
S17E13,Phthalo Blue
S17E13,Sap Green
S17E13,Titanium White
S17E13,Van Dyke Brown
S17E13,Yellow Ochre
S18E01,Alizarin Crimson
S18E01,Bright Red
S18E01,Cadmium Yellow
S18E01,Dark Sienna
S18E01,Indian Yellow
S18E01,Midnight Black
S18E01,Phthalo Blue
S18E01,Prussian Blue
S18E01,Sap Green
S18E01,Titanium White
S18E01,Van Dyke Brown
S18E01,Yellow Ochre
S18E02,Alizarin Crimson
S18E02,Bright Red
S18E02,Cadmium Yellow
S18E02,Dark Sienna
S18E02,Indian Yellow
S18E02,Midnight Black
S18E02,Phthalo Blue
S18E02,Sap Green
S18E02,Titanium White
S18E02,Van Dyke Brown
S18E02,Yellow Ochre
S18E03,Alizarin Crimson
S18E03,Black Gesso
S18E03,Cadmium Yellow
S18E03,Dark Sienna
S18E03,Liquid Clear
S18E03,Midnight Black
S18E03,Phthalo Blue
S18E03,Prussian Blue
S18E03,Titanium White
S18E03,Van Dyke Brown
S18E04,Alizarin Crimson
S18E04,Black Gesso
S18E04,Bright Red
S18E04,Cadmium Yellow
S18E04,Dark Sienna
S18E04,Indian Yellow
S18E04,Midnight Black
S18E04,Phthalo Blue
S18E04,Sap Green
S18E04,Titanium White
S18E04,Van Dyke Brown
S18E04,Yellow Ochre
S18E05,Alizarin Crimson
S18E05,Bright Red
S18E05,Cadmium Yellow
S18E05,Dark Sienna
S18E05,Indian Yellow
S18E05,Midnight Black
S18E05,Phthalo Blue
S18E05,Sap Green
S18E05,Titanium White
S18E05,Van Dyke Brown
S18E05,Yellow Ochre
S18E06,Alizarin Crimson
S18E06,Bright Red
S18E06,Cadmium Yellow
S18E06,Dark Sienna
S18E06,Indian Yellow
S18E06,Midnight Black
S18E06,Phthalo Blue
S18E06,Phthalo Green
S18E06,Prussian Blue
S18E06,Sap Green
S18E06,Titanium White
S18E06,Van Dyke Brown
S18E06,Yellow Ochre
S18E07,Alizarin Crimson
S18E07,Black Gesso
S18E07,Bright Red
S18E07,Cadmium Yellow
S18E07,Dark Sienna
S18E07,Indian Yellow
S18E07,Midnight Black
S18E07,Phthalo Blue
S18E07,Sap Green
S18E07,Titanium White
S18E07,Van Dyke Brown
S18E07,Yellow Ochre
S18E08,Alizarin Crimson
S18E08,Bright Red
S18E08,Dark Sienna
S18E08,Midnight Black
S18E08,Phthalo Blue
S18E08,Prussian Blue
S18E08,Titanium White
S18E08,Van Dyke Brown
S18E09,Alizarin Crimson
S18E09,Black Gesso
S18E09,Cadmium Yellow
S18E09,Dark Sienna
S18E09,Indian Yellow
S18E09,Midnight Black
S18E09,Phthalo Blue
S18E09,Sap Green
S18E09,Titanium White
S18E09,Van Dyke Brown
S18E09,Yellow Ochre
S18E10,Alizarin Crimson
S18E10,Bright Red
S18E10,Cadmium Yellow
S18E10,Dark Sienna
S18E10,Indian Yellow
S18E10,Liquid Black
S18E10,Midnight Black
S18E10,Phthalo Blue
S18E10,Prussian Blue
S18E10,Sap Green
S18E10,Titanium White
S18E10,Van Dyke Brown
S18E10,Yellow Ochre
S18E11,Alizarin Crimson
S18E11,Black Gesso
S18E11,Bright Red
S18E11,Cadmium Yellow
S18E11,Dark Sienna
S18E11,Indian Yellow
S18E11,Midnight Black
S18E11,Phthalo Blue
S18E11,Sap Green
S18E11,Titanium White
S18E11,Van Dyke Brown
S18E11,Yellow Ochre
S18E12,Alizarin Crimson
S18E12,Bright Red
S18E12,Cadmium Yellow
S18E12,Dark Sienna
S18E12,Midnight Black
S18E12,Phthalo Blue
S18E12,Sap Green
S18E12,Titanium White
S18E12,Van Dyke Brown
S18E12,Yellow Ochre
S18E13,Alizarin Crimson
S18E13,Bright Red
S18E13,Cadmium Yellow
S18E13,Dark Sienna
S18E13,Indian Yellow
S18E13,Liquid Black
S18E13,Midnight Black
S18E13,Phthalo Blue
S18E13,Sap Green
S18E13,Titanium White
S18E13,Van Dyke Brown
S18E13,Yellow Ochre
S19E01,Alizarin Crimson
S19E01,Bright Red
S19E01,Cadmium Yellow
S19E01,Dark Sienna
S19E01,Indian Yellow
S19E01,Midnight Black
S19E01,Phthalo Blue
S19E01,Titanium White
S19E01,Van Dyke Brown
S19E01,Yellow Ochre
S19E02,Alizarin Crimson
S19E02,Black Gesso
S19E02,Bright Red
S19E02,Cadmium Yellow
S19E02,Dark Sienna
S19E02,Indian Yellow
S19E02,Liquid Clear
S19E02,Midnight Black
S19E02,Phthalo Blue
S19E02,Prussian Blue
S19E02,Sap Green
S19E02,Titanium White
S19E02,Van Dyke Brown
S19E02,Yellow Ochre
S19E03,Alizarin Crimson
S19E03,Bright Red
S19E03,Cadmium Yellow
S19E03,Dark Sienna
S19E03,Indian Yellow
S19E03,Midnight Black
S19E03,Phthalo Blue
S19E03,Prussian Blue
S19E03,Sap Green
S19E03,Titanium White
S19E03,Van Dyke Brown
S19E03,Yellow Ochre
S19E04,Alizarin Crimson
S19E04,Dark Sienna
S19E04,Midnight Black
S19E04,Prussian Blue
S19E04,Titanium White
S19E04,Van Dyke Brown
S19E04,Yellow Ochre
S19E05,Alizarin Crimson
S19E05,Cadmium Yellow
S19E05,Dark Sienna
S19E05,Indian Yellow
S19E05,Midnight Black
S19E05,Phthalo Blue
S19E05,Prussian Blue
S19E05,Sap Green
S19E05,Titanium White
S19E05,Van Dyke Brown
S19E05,Yellow Ochre
S19E06,Alizarin Crimson
S19E06,Black Gesso
S19E06,Bright Red
S19E06,Cadmium Yellow
S19E06,Dark Sienna
S19E06,Indian Yellow
S19E06,Liquid Clear
S19E06,Midnight Black
S19E06,Phthalo Blue
S19E06,Prussian Blue
S19E06,Sap Green
S19E06,Titanium White
S19E06,Van Dyke Brown
S19E06,Yellow Ochre
S19E07,Alizarin Crimson
S19E07,Bright Red
S19E07,Cadmium Yellow
S19E07,Dark Sienna
S19E07,Midnight Black
S19E07,Phthalo Blue
S19E07,Prussian Blue
S19E07,Titanium White
S19E07,Van Dyke Brown
S19E07,Yellow Ochre
S19E08,Alizarin Crimson
S19E08,Bright Red
S19E08,Cadmium Yellow
S19E08,Dark Sienna
S19E08,Indian Yellow
S19E08,Midnight Black
S19E08,Phthalo Blue
S19E08,Phthalo Green
S19E08,Prussian Blue
S19E08,Sap Green
S19E08,Titanium White
S19E08,Van Dyke Brown
S19E08,Yellow Ochre
S19E09,Alizarin Crimson
S19E09,Bright Red
S19E09,Cadmium Yellow
S19E09,Dark Sienna
S19E09,Liquid Clear
S19E09,Midnight Black
S19E09,Phthalo Blue
S19E09,Titanium White
S19E09,Van Dyke Brown
S19E09,Yellow Ochre
S19E10,Alizarin Crimson
S19E10,Black Gesso
S19E10,Bright Red
S19E10,Cadmium Yellow
S19E10,Dark Sienna
S19E10,Indian Yellow
S19E10,Midnight Black
S19E10,Phthalo Blue
S19E10,Sap Green
S19E10,Titanium White
S19E10,Van Dyke Brown
S19E10,Yellow Ochre
S19E11,Alizarin Crimson
S19E11,Bright Red
S19E11,Cadmium Yellow
S19E11,Dark Sienna
S19E11,Midnight Black
S19E11,Phthalo Blue
S19E11,Titanium White
S19E11,Van Dyke Brown
S19E11,Yellow Ochre
S19E12,Alizarin Crimson
S19E12,Black Gesso
S19E12,Cadmium Yellow
S19E12,Dark Sienna
S19E12,Liquid Clear
S19E12,Midnight Black
S19E12,Phthalo Blue
S19E12,Prussian Blue
S19E12,Titanium White
S19E12,Van Dyke Brown
S19E13,Alizarin Crimson
S19E13,Bright Red
S19E13,Cadmium Yellow
S19E13,Dark Sienna
S19E13,Indian Yellow
S19E13,Midnight Black
S19E13,Phthalo Blue
S19E13,Phthalo Green
S19E13,Prussian Blue
S19E13,Sap Green
S19E13,Titanium White
S19E13,Van Dyke Brown
S19E13,Yellow Ochre
S20E01,Alizarin Crimson
S20E01,Bright Red
S20E01,Cadmium Yellow
S20E01,Dark Sienna
S20E01,Indian Yellow
S20E01,Midnight Black
S20E01,Phthalo Blue
S20E01,Prussian Blue
S20E01,Sap Green
S20E01,Titanium White
S20E01,Van Dyke Brown
S20E01,Yellow Ochre
S20E02,Alizarin Crimson
S20E02,Bright Red
S20E02,Cadmium Yellow
S20E02,Dark Sienna
S20E02,Indian Yellow
S20E02,Liquid Clear
S20E02,Midnight Black
S20E02,Phthalo Blue
S20E02,Sap Green
S20E02,Titanium White
S20E02,Van Dyke Brown
S20E02,Yellow Ochre
S20E03,Alizarin Crimson
S20E03,Bright Red
S20E03,Dark Sienna
S20E03,Indian Yellow
S20E03,Midnight Black
S20E03,Phthalo Blue
S20E03,Titanium White
S20E03,Van Dyke Brown
S20E03,Yellow Ochre
S20E04,Alizarin Crimson
S20E04,Bright Red
S20E04,Cadmium Yellow
S20E04,Dark Sienna
S20E04,Indian Yellow
S20E04,Midnight Black
S20E04,Phthalo Blue
S20E04,Sap Green
S20E04,Titanium White
S20E04,Van Dyke Brown
S20E04,Yellow Ochre
S20E05,Alizarin Crimson
S20E05,Cadmium Yellow
S20E05,Dark Sienna
S20E05,Indian Yellow
S20E05,Midnight Black
S20E05,Phthalo Blue
S20E05,Phthalo Green
S20E05,Prussian Blue
S20E05,Sap Green
S20E05,Titanium White
S20E05,Van Dyke Brown
S20E05,Yellow Ochre
S20E06,Alizarin Crimson
S20E06,Black Gesso
S20E06,Bright Red
S20E06,Cadmium Yellow
S20E06,Dark Sienna
S20E06,Indian Yellow
S20E06,Midnight Black
S20E06,Phthalo Blue
S20E06,Sap Green
S20E06,Titanium White
S20E06,Van Dyke Brown
S20E06,Yellow Ochre
S20E07,Alizarin Crimson
S20E07,Bright Red
S20E07,Cadmium Yellow
S20E07,Dark Sienna
S20E07,Indian Yellow
S20E07,Midnight Black
S20E07,Phthalo Blue
S20E07,Sap Green
S20E07,Titanium White
S20E07,Van Dyke Brown
S20E07,Yellow Ochre
S20E08,Alizarin Crimson
S20E08,Black Gesso
S20E08,Bright Red
S20E08,Cadmium Yellow
S20E08,Dark Sienna
S20E08,Indian Yellow
S20E08,Liquid Clear
S20E08,Midnight Black
S20E08,Phthalo Blue
S20E08,Sap Green
S20E08,Titanium White
S20E08,Van Dyke Brown
S20E08,Yellow Ochre
S20E09,Alizarin Crimson
S20E09,Dark Sienna
S20E09,Midnight Black
S20E09,Phthalo Blue
S20E09,Prussian Blue
S20E09,Titanium White
S20E10,Alizarin Crimson
S20E10,Bright Red
S20E10,Cadmium Yellow
S20E10,Dark Sienna
S20E10,Indian Yellow
S20E10,Midnight Black
S20E10,Phthalo Blue
S20E10,Prussian Blue
S20E10,Sap Green
S20E10,Titanium White
S20E10,Van Dyke Brown
S20E10,Yellow Ochre
S20E11,Alizarin Crimson
S20E11,Bright Red
S20E11,Cadmium Yellow
S20E11,Dark Sienna
S20E11,Indian Yellow
S20E11,Midnight Black
S20E11,Phthalo Blue
S20E11,Prussian Blue
S20E11,Sap Green
S20E11,Titanium White
S20E11,Van Dyke Brown
S20E11,Yellow Ochre
S20E12,Alizarin Crimson
S20E12,Bright Red
S20E12,Cadmium Yellow
S20E12,Dark Sienna
S20E12,Indian Yellow
S20E12,Midnight Black
S20E12,Phthalo Blue
S20E12,Sap Green
S20E12,Titanium White
S20E12,Van Dyke Brown
S20E12,Yellow Ochre
S20E13,Alizarin Crimson
S20E13,Bright Red
S20E13,Cadmium Yellow
S20E13,Dark Sienna
S20E13,Indian Yellow
S20E13,Midnight Black
S20E13,Phthalo Blue
S20E13,Phthalo Green
S20E13,Prussian Blue
S20E13,Sap Green
S20E13,Titanium White
S20E13,Van Dyke Brown
S20E13,Yellow Ochre
S21E01,Alizarin Crimson
S21E01,Black Gesso
S21E01,Bright Red
S21E01,Cadmium Yellow
S21E01,Dark Sienna
S21E01,Indian Yellow
S21E01,Midnight Black
S21E01,Phthalo Blue
S21E01,Prussian Blue
S21E01,Sap Green
S21E01,Titanium White
S21E01,Van Dyke Brown
S21E01,Yellow Ochre
S21E02,Alizarin Crimson
S21E02,Cadmium Yellow
S21E02,Dark Sienna
S21E02,Indian Yellow
S21E02,Liquid Clear
S21E02,Midnight Black
S21E02,Phthalo Blue
S21E02,Titanium White
S21E02,Van Dyke Brown
S21E02,Yellow Ochre
S21E03,Alizarin Crimson
S21E03,Black Gesso
S21E03,Bright Red
S21E03,Cadmium Yellow
S21E03,Dark Sienna
S21E03,Indian Yellow
S21E03,Liquid Clear
S21E03,Midnight Black
S21E03,Phthalo Blue
S21E03,Prussian Blue
S21E03,Sap Green
S21E03,Titanium White
S21E03,Van Dyke Brown
S21E03,Yellow Ochre
S21E04,Alizarin Crimson
S21E04,Black Gesso
S21E04,Bright Red
S21E04,Cadmium Yellow
S21E04,Dark Sienna
S21E04,Indian Yellow
S21E04,Midnight Black
S21E04,Phthalo Blue
S21E04,Sap Green
S21E04,Titanium White
S21E04,Van Dyke Brown
S21E04,Yellow Ochre
S21E05,Alizarin Crimson
S21E05,Black Gesso
S21E05,Bright Red
S21E05,Cadmium Yellow
S21E05,Dark Sienna
S21E05,Indian Yellow
S21E05,Liquid Clear
S21E05,Midnight Black
S21E05,Phthalo Blue
S21E05,Sap Green
S21E05,Titanium White
S21E05,Van Dyke Brown
S21E05,Yellow Ochre
S21E06,Alizarin Crimson
S21E06,Dark Sienna
S21E06,Indian Yellow
S21E06,Midnight Black
S21E06,Phthalo Blue
S21E06,Titanium White
S21E06,Van Dyke Brown
S21E06,Yellow Ochre
S21E07,Alizarin Crimson
S21E07,Bright Red
S21E07,Cadmium Yellow
S21E07,Dark Sienna
S21E07,Indian Yellow
S21E07,Liquid Clear
S21E07,Midnight Black
S21E07,Phthalo Blue
S21E07,Phthalo Green
S21E07,Prussian Blue
S21E07,Sap Green
S21E07,Titanium White
S21E07,Van Dyke Brown
S21E07,Yellow Ochre
S21E08,Alizarin Crimson
S21E08,Black Gesso
S21E08,Bright Red
S21E08,Cadmium Yellow
S21E08,Dark Sienna
S21E08,Indian Yellow
S21E08,Midnight Black
S21E08,Phthalo Blue
S21E08,Phthalo Green
S21E08,Sap Green
S21E08,Titanium White
S21E08,Van Dyke Brown
S21E08,Yellow Ochre
S21E09,Alizarin Crimson
S21E09,Black Gesso
S21E09,Bright Red
S21E09,Cadmium Yellow
S21E09,Dark Sienna
S21E09,Indian Yellow
S21E09,Midnight Black
S21E09,Phthalo Blue
S21E09,Prussian Blue
S21E09,Sap Green
S21E09,Titanium White
S21E09,Van Dyke Brown
S21E09,Yellow Ochre
S21E10,Midnight Black
S21E10,Prussian Blue
S21E10,Titanium White
S21E11,Alizarin Crimson
S21E11,Bright Red
S21E11,Cadmium Yellow
S21E11,Indian Yellow
S21E11,Midnight Black
S21E11,Phthalo Blue
S21E11,Sap Green
S21E11,Titanium White
S21E11,Yellow Ochre
S21E12,Alizarin Crimson
S21E12,Bright Red
S21E12,Cadmium Yellow
S21E12,Dark Sienna
S21E12,Indian Yellow
S21E12,Midnight Black
S21E12,Phthalo Blue
S21E12,Phthalo Green
S21E12,Prussian Blue
S21E12,Sap Green
S21E12,Titanium White
S21E12,Van Dyke Brown
S21E12,Yellow Ochre
S21E13,Alizarin Crimson
S21E13,Cadmium Yellow
S21E13,Dark Sienna
S21E13,Liquid Clear
S21E13,Midnight Black
S21E13,Phthalo Blue
S21E13,Prussian Blue
S21E13,Sap Green
S21E13,Titanium White
S21E13,Van Dyke Brown
S21E13,Yellow Ochre
S22E01,Alizarin Crimson
S22E01,Bright Red
S22E01,Cadmium Yellow
S22E01,Dark Sienna
S22E01,Indian Red
S22E01,Midnight Black
S22E01,Prussian Blue
S22E01,Sap Green
S22E01,Titanium White
S22E01,Van Dyke Brown
S22E01,Yellow Ochre
S22E02,Alizarin Crimson
S22E02,Bright Red
S22E02,Cadmium Yellow
S22E02,Dark Sienna
S22E02,Indian Yellow
S22E02,Midnight Black
S22E02,Phthalo Blue
S22E02,Phthalo Green
S22E02,Prussian Blue
S22E02,Sap Green
S22E02,Titanium White
S22E02,Van Dyke Brown
S22E02,Yellow Ochre
S22E03,Alizarin Crimson
S22E03,Black Gesso
S22E03,Bright Red
S22E03,Cadmium Yellow
S22E03,Dark Sienna
S22E03,Indian Yellow
S22E03,Midnight Black
S22E03,Phthalo Blue
S22E03,Phthalo Green
S22E03,Prussian Blue
S22E03,Sap Green
S22E03,Titanium White
S22E03,Van Dyke Brown
S22E03,Yellow Ochre
S22E04,Alizarin Crimson
S22E04,Bright Red
S22E04,Cadmium Yellow
S22E04,Dark Sienna
S22E04,Indian Yellow
S22E04,Midnight Black
S22E04,Phthalo Blue
S22E04,Prussian Blue
S22E04,Sap Green
S22E04,Titanium White
S22E04,Van Dyke Brown
S22E04,Yellow Ochre
S22E05,Alizarin Crimson
S22E05,Cadmium Yellow
S22E05,Dark Sienna
S22E05,Indian Yellow
S22E05,Midnight Black
S22E05,Phthalo Blue
S22E05,Titanium White
S22E05,Van Dyke Brown
S22E05,Yellow Ochre
S22E06,Alizarin Crimson
S22E06,Bright Red
S22E06,Cadmium Yellow
S22E06,Dark Sienna
S22E06,Indian Yellow
S22E06,Midnight Black
S22E06,Phthalo Blue
S22E06,Sap Green
S22E06,Titanium White
S22E06,Van Dyke Brown
S22E06,Yellow Ochre
S22E07,Alizarin Crimson
S22E07,Bright Red
S22E07,Cadmium Yellow
S22E07,Dark Sienna
S22E07,Indian Yellow
S22E07,Midnight Black
S22E07,Phthalo Blue
S22E07,Prussian Blue
S22E07,Sap Green
S22E07,Titanium White
S22E07,Van Dyke Brown
S22E07,Yellow Ochre
S22E08,Alizarin Crimson
S22E08,Bright Red
S22E08,Cadmium Yellow
S22E08,Dark Sienna
S22E08,Indian Yellow
S22E08,Midnight Black
S22E08,Phthalo Blue
S22E08,Prussian Blue
S22E08,Sap Green
S22E08,Titanium White
S22E08,Van Dyke Brown
S22E08,Yellow Ochre
S22E09,Alizarin Crimson
S22E09,Bright Red
S22E09,Cadmium Yellow
S22E09,Dark Sienna
S22E09,Indian Yellow
S22E09,Midnight Black
S22E09,Phthalo Blue
S22E09,Phthalo Green
S22E09,Prussian Blue
S22E09,Sap Green
S22E09,Titanium White
S22E09,Van Dyke Brown
S22E09,Yellow Ochre
S22E10,Alizarin Crimson
S22E10,Dark Sienna
S22E10,Midnight Black
S22E10,Phthalo Blue
S22E10,Prussian Blue
S22E10,Titanium White
S22E10,Van Dyke Brown
S22E11,Alizarin Crimson
S22E11,Bright Red
S22E11,Cadmium Yellow
S22E11,Dark Sienna
S22E11,Indian Yellow
S22E11,Midnight Black
S22E11,Phthalo Blue
S22E11,Sap Green
S22E11,Titanium White
S22E11,Van Dyke Brown
S22E11,Yellow Ochre
S22E12,Alizarin Crimson
S22E12,Black Gesso
S22E12,Bright Red
S22E12,Cadmium Yellow
S22E12,Dark Sienna
S22E12,Indian Yellow
S22E12,Midnight Black
S22E12,Phthalo Blue
S22E12,Prussian Blue
S22E12,Sap Green
S22E12,Titanium White
S22E12,Van Dyke Brown
S22E12,Yellow Ochre
S22E13,Alizarin Crimson
S22E13,Black Gesso
S22E13,Bright Red
S22E13,Cadmium Yellow
S22E13,Dark Sienna
S22E13,Indian Yellow
S22E13,Liquid Clear
S22E13,Midnight Black
S22E13,Phthalo Blue
S22E13,Sap Green
S22E13,Titanium White
S22E13,Van Dyke Brown
S22E13,Yellow Ochre
S23E01,Alizarin Crimson
S23E01,Cadmium Yellow
S23E01,Midnight Black
S23E01,Phthalo Blue
S23E01,Prussian Blue
S23E01,Sap Green
S23E01,Titanium White
S23E01,Van Dyke Brown
S23E02,Alizarin Crimson
S23E02,Black Gesso
S23E02,Bright Red
S23E02,Cadmium Yellow
S23E02,Dark Sienna
S23E02,Indian Yellow
S23E02,Midnight Black
S23E02,Prussian Blue
S23E02,Sap Green
S23E02,Titanium White
S23E02,Van Dyke Brown
S23E02,Yellow Ochre
S23E03,Alizarin Crimson
S23E03,Bright Red
S23E03,Cadmium Yellow
S23E03,Dark Sienna
S23E03,Indian Yellow
S23E03,Midnight Black
S23E03,Phthalo Blue
S23E03,Prussian Blue
S23E03,Sap Green
S23E03,Titanium White
S23E03,Van Dyke Brown
S23E03,Yellow Ochre
S23E04,Alizarin Crimson
S23E04,Bright Red
S23E04,Cadmium Yellow
S23E04,Dark Sienna
S23E04,Indian Yellow
S23E04,Midnight Black
S23E04,Prussian Blue
S23E04,Titanium White
S23E04,Van Dyke Brown
S23E04,Yellow Ochre
S23E05,Alizarin Crimson
S23E05,Bright Red
S23E05,Cadmium Yellow
S23E05,Dark Sienna
S23E05,Indian Yellow
S23E05,Midnight Black
S23E05,Prussian Blue
S23E05,Sap Green
S23E05,Titanium White
S23E05,Van Dyke Brown
S23E05,Yellow Ochre
S23E06,Alizarin Crimson
S23E06,Black Gesso
S23E06,Bright Red
S23E06,Cadmium Yellow
S23E06,Dark Sienna
S23E06,Indian Yellow
S23E06,Midnight Black
S23E06,Phthalo Blue
S23E06,Prussian Blue
S23E06,Sap Green
S23E06,Titanium White
S23E06,Van Dyke Brown
S23E06,Yellow Ochre
S23E07,Alizarin Crimson
S23E07,Bright Red
S23E07,Cadmium Yellow
S23E07,Dark Sienna
S23E07,Midnight Black
S23E07,Prussian Blue
S23E07,Titanium White
S23E07,Van Dyke Brown
S23E07,Yellow Ochre
S23E08,Alizarin Crimson
S23E08,Black Gesso
S23E08,Bright Red
S23E08,Cadmium Yellow
S23E08,Dark Sienna
S23E08,Indian Yellow
S23E08,Liquid Clear
S23E08,Midnight Black
S23E08,Phthalo Blue
S23E08,Phthalo Green
S23E08,Prussian Blue
S23E08,Sap Green
S23E08,Titanium White
S23E08,Van Dyke Brown
S23E08,Yellow Ochre
S23E09,Alizarin Crimson
S23E09,Bright Red
S23E09,Cadmium Yellow
S23E09,Dark Sienna
S23E09,Indian Yellow
S23E09,Midnight Black
S23E09,Phthalo Blue
S23E09,Phthalo Green
S23E09,Prussian Blue
S23E09,Sap Green
S23E09,Titanium White
S23E09,Van Dyke Brown
S23E09,Yellow Ochre
S23E10,Alizarin Crimson
S23E10,Black Gesso
S23E10,Bright Red
S23E10,Cadmium Yellow
S23E10,Dark Sienna
S23E10,Indian Yellow
S23E10,Midnight Black
S23E10,Phthalo Blue
S23E10,Phthalo Green
S23E10,Prussian Blue
S23E10,Sap Green
S23E10,Titanium White
S23E10,Van Dyke Brown
S23E10,Yellow Ochre
S23E11,Bright Red
S23E11,Dark Sienna
S23E11,Midnight Black
S23E11,Phthalo Blue
S23E11,Phthalo Green
S23E11,Prussian Blue
S23E11,Titanium White
S23E11,Van Dyke Brown
S23E11,Yellow Ochre
S23E12,Alizarin Crimson
S23E12,Cadmium Yellow
S23E12,Dark Sienna
S23E12,Midnight Black
S23E12,Phthalo Blue
S23E12,Titanium White
S23E12,Van Dyke Brown
S23E12,Yellow Ochre
S23E13,Alizarin Crimson
S23E13,Dark Sienna
S23E13,Midnight Black
S23E13,Phthalo Blue
S23E13,Prussian Blue
S23E13,Titanium White
S23E13,Van Dyke Brown
S24E01,Alizarin Crimson
S24E01,Bright Red
S24E01,Cadmium Yellow
S24E01,Dark Sienna
S24E01,Indian Yellow
S24E01,Midnight Black
S24E01,Phthalo Blue
S24E01,Phthalo Green
S24E01,Prussian Blue
S24E01,Sap Green
S24E01,Titanium White
S24E01,Van Dyke Brown
S24E01,Yellow Ochre
S24E02,Alizarin Crimson
S24E02,Black Gesso
S24E02,Bright Red
S24E02,Dark Sienna
S24E02,Midnight Black
S24E02,Phthalo Blue
S24E02,Prussian Blue
S24E02,Sap Green
S24E02,Titanium White
S24E02,Van Dyke Brown
S24E02,Yellow Ochre
S24E03,Alizarin Crimson
S24E03,Midnight Black
S24E03,Phthalo Blue
S24E03,Prussian Blue
S24E03,Sap Green
S24E03,Titanium White
S24E04,Alizarin Crimson
S24E04,Black Gesso
S24E04,Bright Red
S24E04,Cadmium Yellow
S24E04,Indian Yellow
S24E04,Liquid Clear
S24E04,Midnight Black
S24E04,Phthalo Blue
S24E04,Prussian Blue
S24E04,Sap Green
S24E04,Titanium White
S24E04,Yellow Ochre
S24E05,Alizarin Crimson
S24E05,Black Gesso
S24E05,Bright Red
S24E05,Cadmium Yellow
S24E05,Indian Yellow
S24E05,Liquid Clear
S24E05,Midnight Black
S24E05,Phthalo Blue
S24E05,Phthalo Green
S24E05,Prussian Blue
S24E05,Sap Green
S24E05,Titanium White
S24E05,Yellow Ochre
S24E06,Alizarin Crimson
S24E06,Bright Red
S24E06,Cadmium Yellow
S24E06,Dark Sienna
S24E06,Indian Yellow
S24E06,Midnight Black
S24E06,Phthalo Blue
S24E06,Prussian Blue
S24E06,Sap Green
S24E06,Titanium White
S24E06,Van Dyke Brown
S24E06,Yellow Ochre
S24E07,Alizarin Crimson
S24E07,Black Gesso
S24E07,Bright Red
S24E07,Cadmium Yellow
S24E07,Indian Yellow
S24E07,Midnight Black
S24E07,Phthalo Blue
S24E07,Prussian Blue
S24E07,Sap Green
S24E07,Titanium White
S24E07,Yellow Ochre
S24E08,Alizarin Crimson
S24E08,Black Gesso
S24E08,Bright Red
S24E08,Cadmium Yellow
S24E08,Dark Sienna
S24E08,Indian Yellow
S24E08,Liquid Clear
S24E08,Midnight Black
S24E08,Phthalo Blue
S24E08,Phthalo Green
S24E08,Prussian Blue
S24E08,Sap Green
S24E08,Titanium White
S24E08,Van Dyke Brown
S24E08,Yellow Ochre
S24E09,Alizarin Crimson
S24E09,Bright Red
S24E09,Cadmium Yellow
S24E09,Dark Sienna
S24E09,Indian Yellow
S24E09,Midnight Black
S24E09,Prussian Blue
S24E09,Sap Green
S24E09,Titanium White
S24E09,Van Dyke Brown
S24E09,Yellow Ochre
S24E10,Alizarin Crimson
S24E10,Cadmium Yellow
S24E10,Midnight Black
S24E10,Phthalo Blue
S24E10,Phthalo Green
S24E10,Sap Green
S24E10,Titanium White
S24E10,Yellow Ochre
S24E11,Alizarin Crimson
S24E11,Midnight Black
S24E11,Phthalo Blue
S24E11,Prussian Blue
S24E11,Titanium White
S24E12,Alizarin Crimson
S24E12,Bright Red
S24E12,Cadmium Yellow
S24E12,Dark Sienna
S24E12,Indian Yellow
S24E12,Midnight Black
S24E12,Phthalo Blue
S24E12,Phthalo Green
S24E12,Prussian Blue
S24E12,Sap Green
S24E12,Titanium White
S24E12,Van Dyke Brown
S24E12,Yellow Ochre
S24E13,Alizarin Crimson
S24E13,Black Gesso
S24E13,Liquid Clear
S24E13,Midnight Black
S24E13,Phthalo Blue
S24E13,Prussian Blue
S24E13,Sap Green
S24E13,Titanium White
S25E01,Alizarin Crimson
S25E01,Bright Red
S25E01,Cadmium Yellow
S25E01,Dark Sienna
S25E01,Indian Yellow
S25E01,Midnight Black
S25E01,Phthalo Blue
S25E01,Phthalo Green
S25E01,Prussian Blue
S25E01,Sap Green
S25E01,Titanium White
S25E01,Van Dyke Brown
S25E01,Yellow Ochre
S25E02,Alizarin Crimson
S25E02,Black Gesso
S25E02,Indian Yellow
S25E02,Sap Green
S25E02,Titanium White
S25E02,Yellow Ochre
S25E03,Alizarin Crimson
S25E03,Black Gesso
S25E03,Cadmium Yellow
S25E03,Dark Sienna
S25E03,Midnight Black
S25E03,Prussian Blue
S25E03,Titanium White
S25E03,Van Dyke Brown
S25E03,Yellow Ochre
S25E04,Alizarin Crimson
S25E04,Black Gesso
S25E04,Bright Red
S25E04,Cadmium Yellow
S25E04,Dark Sienna
S25E04,Indian Yellow
S25E04,Liquid Clear
S25E04,Midnight Black
S25E04,Phthalo Blue
S25E04,Prussian Blue
S25E04,Sap Green
S25E04,Titanium White
S25E04,Van Dyke Brown
S25E04,Yellow Ochre
S25E05,Alizarin Crimson
S25E05,Bright Red
S25E05,Cadmium Yellow
S25E05,Dark Sienna
S25E05,Indian Yellow
S25E05,Midnight Black
S25E05,Prussian Blue
S25E05,Sap Green
S25E05,Titanium White
S25E05,Van Dyke Brown
S25E05,Yellow Ochre
S25E06,Alizarin Crimson
S25E06,Bright Red
S25E06,Cadmium Yellow
S25E06,Dark Sienna
S25E06,Indian Yellow
S25E06,Midnight Black
S25E06,Prussian Blue
S25E06,Sap Green
S25E06,Titanium White
S25E06,Van Dyke Brown
S25E06,Yellow Ochre
S25E07,Alizarin Crimson
S25E07,Black Gesso
S25E07,Bright Red
S25E07,Cadmium Yellow
S25E07,Dark Sienna
S25E07,Indian Yellow
S25E07,Liquid Clear
S25E07,Midnight Black
S25E07,Phthalo Blue
S25E07,Sap Green
S25E07,Titanium White
S25E07,Van Dyke Brown
S25E07,Yellow Ochre
S25E08,Alizarin Crimson
S25E08,Bright Red
S25E08,Cadmium Yellow
S25E08,Dark Sienna
S25E08,Indian Yellow
S25E08,Midnight Black
S25E08,Phthalo Blue
S25E08,Prussian Blue
S25E08,Sap Green
S25E08,Titanium White
S25E08,Van Dyke Brown
S25E08,Yellow Ochre
S25E09,Alizarin Crimson
S25E09,Black Gesso
S25E09,Bright Red
S25E09,Cadmium Yellow
S25E09,Dark Sienna
S25E09,Indian Yellow
S25E09,Midnight Black
S25E09,Phthalo Blue
S25E09,Phthalo Green
S25E09,Prussian Blue
S25E09,Sap Green
S25E09,Titanium White
S25E09,Van Dyke Brown
S25E09,Yellow Ochre
S25E10,Alizarin Crimson
S25E10,Cadmium Yellow
S25E10,Dark Sienna
S25E10,Midnight Black
S25E10,Prussian Blue
S25E10,Sap Green
S25E10,Titanium White
S25E10,Van Dyke Brown
S25E11,Alizarin Crimson
S25E11,Black Gesso
S25E11,Bright Red
S25E11,Cadmium Yellow
S25E11,Dark Sienna
S25E11,Indian Yellow
S25E11,Midnight Black
S25E11,Prussian Blue
S25E11,Sap Green
S25E11,Titanium White
S25E11,Van Dyke Brown
S25E11,Yellow Ochre
S25E12,Alizarin Crimson
S25E12,Bright Red
S25E12,Cadmium Yellow
S25E12,Dark Sienna
S25E12,Indian Yellow
S25E12,Midnight Black
S25E12,Prussian Blue
S25E12,Sap Green
S25E12,Titanium White
S25E12,Van Dyke Brown
S25E12,Yellow Ochre
S25E13,Alizarin Crimson
S25E13,Bright Red
S25E13,Cadmium Yellow
S25E13,Dark Sienna
S25E13,Indian Yellow
S25E13,Midnight Black
S25E13,Prussian Blue
S25E13,Sap Green
S25E13,Titanium White
S25E13,Van Dyke Brown
S25E13,Yellow Ochre
S26E01,Alizarin Crimson
S26E01,Cadmium Yellow
S26E01,Dark Sienna
S26E01,Indian Yellow
S26E01,Midnight Black
S26E01,Prussian Blue
S26E01,Sap Green
S26E01,Titanium White
S26E01,Van Dyke Brown
S26E01,Yellow Ochre
S26E02,Alizarin Crimson
S26E02,Bright Red
S26E02,Cadmium Yellow
S26E02,Indian Yellow
S26E02,Midnight Black
S26E02,Prussian Blue
S26E02,Sap Green
S26E02,Titanium White
S26E02,Yellow Ochre
S26E03,Alizarin Crimson
S26E03,Bright Red
S26E03,Cadmium Yellow
S26E03,Dark Sienna
S26E03,Indian Yellow
S26E03,Midnight Black
S26E03,Phthalo Blue
S26E03,Prussian Blue
S26E03,Sap Green
S26E03,Titanium White
S26E03,Van Dyke Brown
S26E03,Yellow Ochre
S26E04,Alizarin Crimson
S26E04,Black Gesso
S26E04,Bright Red
S26E04,Cadmium Yellow
S26E04,Dark Sienna
S26E04,Indian Yellow
S26E04,Liquid Clear
S26E04,Midnight Black
S26E04,Phthalo Blue
S26E04,Phthalo Green
S26E04,Prussian Blue
S26E04,Sap Green
S26E04,Titanium White
S26E04,Van Dyke Brown
S26E04,Yellow Ochre
S26E05,Alizarin Crimson
S26E05,Bright Red
S26E05,Cadmium Yellow
S26E05,Dark Sienna
S26E05,Indian Yellow
S26E05,Midnight Black
S26E05,Phthalo Blue
S26E05,Phthalo Green
S26E05,Prussian Blue
S26E05,Sap Green
S26E05,Titanium White
S26E05,Van Dyke Brown
S26E05,Yellow Ochre
S26E06,Alizarin Crimson
S26E06,Dark Sienna
S26E06,Midnight Black
S26E06,Prussian Blue
S26E06,Titanium White
S26E06,Van Dyke Brown
S26E07,Black Gesso
S26E07,Indian Yellow
S26E07,Phthalo Blue
S26E07,Prussian Blue
S26E07,Titanium White
S26E08,Alizarin Crimson
S26E08,Bright Red
S26E08,Cadmium Yellow
S26E08,Dark Sienna
S26E08,Indian Yellow
S26E08,Midnight Black
S26E08,Phthalo Blue
S26E08,Prussian Blue
S26E08,Sap Green
S26E08,Titanium White
S26E08,Van Dyke Brown
S26E08,Yellow Ochre
S26E09,Alizarin Crimson
S26E09,Black Gesso
S26E09,Bright Red
S26E09,Cadmium Yellow
S26E09,Dark Sienna
S26E09,Indian Yellow
S26E09,Midnight Black
S26E09,Phthalo Blue
S26E09,Sap Green
S26E09,Titanium White
S26E09,Van Dyke Brown
S26E09,Yellow Ochre
S26E10,Alizarin Crimson
S26E10,Bright Red
S26E10,Cadmium Yellow
S26E10,Dark Sienna
S26E10,Indian Yellow
S26E10,Midnight Black
S26E10,Phthalo Blue
S26E10,Phthalo Green
S26E10,Prussian Blue
S26E10,Sap Green
S26E10,Titanium White
S26E10,Van Dyke Brown
S26E10,Yellow Ochre
S26E11,Alizarin Crimson
S26E11,Black Gesso
S26E11,Bright Red
S26E11,Cadmium Yellow
S26E11,Dark Sienna
S26E11,Midnight Black
S26E11,Phthalo Blue
S26E11,Phthalo Green
S26E11,Titanium White
S26E11,Van Dyke Brown
S26E12,Alizarin Crimson
S26E12,Bright Red
S26E12,Cadmium Yellow
S26E12,Dark Sienna
S26E12,Indian Yellow
S26E12,Midnight Black
S26E12,Phthalo Blue
S26E12,Prussian Blue
S26E12,Sap Green
S26E12,Titanium White
S26E12,Van Dyke Brown
S26E12,Yellow Ochre
S26E13,Black Gesso
S26E13,Cadmium Yellow
S26E13,Liquid Clear
S26E13,Midnight Black
S26E13,Prussian Blue
S26E13,Sap Green
S26E13,Titanium White
S27E01,Alizarin Crimson
S27E01,Black Gesso
S27E01,Bright Red
S27E01,Cadmium Yellow
S27E01,Dark Sienna
S27E01,Indian Yellow
S27E01,Liquid Clear
S27E01,Midnight Black
S27E01,Phthalo Blue
S27E01,Titanium White
S27E01,Van Dyke Brown
S27E02,Alizarin Crimson
S27E02,Bright Red
S27E02,Cadmium Yellow
S27E02,Dark Sienna
S27E02,Indian Yellow
S27E02,Liquid Black
S27E02,Liquid Clear
S27E02,Midnight Black
S27E02,Phthalo Blue
S27E02,Phthalo Green
S27E02,Prussian Blue
S27E02,Sap Green
S27E02,Titanium White
S27E02,Van Dyke Brown
S27E02,Yellow Ochre
S27E03,Alizarin Crimson
S27E03,Cadmium Yellow
S27E03,Indian Yellow
S27E03,Midnight Black
S27E03,Sap Green
S27E03,Titanium White
S27E04,Alizarin Crimson
S27E04,Bright Red
S27E04,Cadmium Yellow
S27E04,Dark Sienna
S27E04,Indian Yellow
S27E04,Liquid Black
S27E04,Liquid Clear
S27E04,Midnight Black
S27E04,Phthalo Blue
S27E04,Phthalo Green
S27E04,Prussian Blue
S27E04,Sap Green
S27E04,Titanium White
S27E04,Van Dyke Brown
S27E04,Yellow Ochre
S27E05,Alizarin Crimson
S27E05,Dark Sienna
S27E05,Liquid Clear
S27E05,Midnight Black
S27E05,Prussian Blue
S27E05,Titanium White
S27E05,Van Dyke Brown
S27E06,Alizarin Crimson
S27E06,Bright Red
S27E06,Cadmium Yellow
S27E06,Indian Yellow
S27E06,Midnight Black
S27E06,Sap Green
S27E06,Titanium White
S27E06,Yellow Ochre
S27E07,Alizarin Crimson
S27E07,Bright Red
S27E07,Cadmium Yellow
S27E07,Dark Sienna
S27E07,Indian Yellow
S27E07,Midnight Black
S27E07,Prussian Blue
S27E07,Sap Green
S27E07,Titanium White
S27E07,Van Dyke Brown
S27E07,Yellow Ochre
S27E08,Alizarin Crimson
S27E08,Cadmium Yellow
S27E08,Dark Sienna
S27E08,Midnight Black
S27E08,Prussian Blue
S27E08,Titanium White
S27E08,Van Dyke Brown
S27E09,Alizarin Crimson
S27E09,Bright Red
S27E09,Cadmium Yellow
S27E09,Dark Sienna
S27E09,Indian Yellow
S27E09,Liquid Clear
S27E09,Midnight Black
S27E09,Phthalo Blue
S27E09,Phthalo Green
S27E09,Titanium White
S27E09,Van Dyke Brown
S27E09,Yellow Ochre
S27E10,Alizarin Crimson
S27E10,Black Gesso
S27E10,Liquid Clear
S27E10,Midnight Black
S27E10,Titanium White
S27E10,Van Dyke Brown
S27E10,Yellow Ochre
S27E11,Alizarin Crimson
S27E11,Dark Sienna
S27E11,Liquid Black
S27E11,Liquid Clear
S27E11,Midnight Black
S27E11,Phthalo Blue
S27E11,Prussian Blue
S27E11,Titanium White
S27E11,Van Dyke Brown
S27E12,Alizarin Crimson
S27E12,Black Gesso
S27E12,Bright Red
S27E12,Cadmium Yellow
S27E12,Dark Sienna
S27E12,Indian Yellow
S27E12,Liquid Clear
S27E12,Midnight Black
S27E12,Phthalo Blue
S27E12,Prussian Blue
S27E12,Sap Green
S27E12,Titanium White
S27E12,Van Dyke Brown
S27E12,Yellow Ochre
S27E13,Alizarin Crimson
S27E13,Bright Red
S27E13,Cadmium Yellow
S27E13,Indian Yellow
S27E13,Midnight Black
S27E13,Phthalo Blue
S27E13,Sap Green
S27E13,Titanium White
S27E13,Yellow Ochre
S28E01,Alizarin Crimson
S28E01,Bright Red
S28E01,Cadmium Yellow
S28E01,Dark Sienna
S28E01,Indian Yellow
S28E01,Midnight Black
S28E01,Phthalo Blue
S28E01,Prussian Blue
S28E01,Sap Green
S28E01,Titanium White
S28E01,Van Dyke Brown
S28E01,Yellow Ochre
S28E02,Alizarin Crimson
S28E02,Bright Red
S28E02,Cadmium Yellow
S28E02,Midnight Black
S28E02,Phthalo Blue
S28E02,Prussian Blue
S28E02,Sap Green
S28E02,Titanium White
S28E02,Yellow Ochre
S28E03,Alizarin Crimson
S28E03,Bright Red
S28E03,Cadmium Yellow
S28E03,Dark Sienna
S28E03,Indian Yellow
S28E03,Midnight Black
S28E03,Phthalo Blue
S28E03,Prussian Blue
S28E03,Sap Green
S28E03,Titanium White
S28E03,Van Dyke Brown
S28E03,Yellow Ochre
S28E04,Alizarin Crimson
S28E04,Black Gesso
S28E04,Indian Yellow
S28E04,Liquid Clear
S28E04,Phthalo Blue
S28E04,Prussian Blue
S28E04,Sap Green
S28E04,Titanium White
S28E05,Alizarin Crimson
S28E05,Bright Red
S28E05,Cadmium Yellow
S28E05,Indian Yellow
S28E05,Liquid Clear
S28E05,Midnight Black
S28E05,Phthalo Blue
S28E05,Sap Green
S28E05,Titanium White
S28E05,Yellow Ochre
S28E06,Alizarin Crimson
S28E06,Bright Red
S28E06,Cadmium Yellow
S28E06,Dark Sienna
S28E06,Indian Yellow
S28E06,Midnight Black
S28E06,Phthalo Blue
S28E06,Prussian Blue
S28E06,Sap Green
S28E06,Titanium White
S28E06,Van Dyke Brown
S28E06,Yellow Ochre
S28E07,Alizarin Crimson
S28E07,Bright Red
S28E07,Cadmium Yellow
S28E07,Indian Yellow
S28E07,Midnight Black
S28E07,Phthalo Blue
S28E07,Sap Green
S28E07,Titanium White
S28E07,Yellow Ochre
S28E08,Alizarin Crimson
S28E08,Black Gesso
S28E08,Bright Red
S28E08,Cadmium Yellow
S28E08,Dark Sienna
S28E08,Indian Yellow
S28E08,Midnight Black
S28E08,Phthalo Blue
S28E08,Prussian Blue
S28E08,Sap Green
S28E08,Titanium White
S28E08,Van Dyke Brown
S28E08,Yellow Ochre
S28E09,Midnight Black
S28E09,Phthalo Blue
S28E09,Prussian Blue
S28E09,Titanium White
S28E10,Alizarin Crimson
S28E10,Bright Red
S28E10,Cadmium Yellow
S28E10,Dark Sienna
S28E10,Indian Yellow
S28E10,Midnight Black
S28E10,Phthalo Blue
S28E10,Sap Green
S28E10,Titanium White
S28E10,Van Dyke Brown
S28E10,Yellow Ochre
S28E11,Alizarin Crimson
S28E11,Black Gesso
S28E11,Bright Red
S28E11,Cadmium Yellow
S28E11,Indian Yellow
S28E11,Midnight Black
S28E11,Phthalo Blue
S28E11,Phthalo Green
S28E11,Sap Green
S28E11,Titanium White
S28E11,Yellow Ochre
S28E12,Alizarin Crimson
S28E12,Bright Red
S28E12,Cadmium Yellow
S28E12,Dark Sienna
S28E12,Indian Yellow
S28E12,Midnight Black
S28E12,Phthalo Blue
S28E12,Phthalo Green
S28E12,Prussian Blue
S28E12,Sap Green
S28E12,Titanium White
S28E12,Van Dyke Brown
S28E12,Yellow Ochre
S28E13,Alizarin Crimson
S28E13,Bright Red
S28E13,Cadmium Yellow
S28E13,Midnight Black
S28E13,Phthalo Blue
S28E13,Sap Green
S28E13,Titanium White
S28E13,Yellow Ochre
S29E01,Alizarin Crimson
S29E01,Bright Red
S29E01,Cadmium Yellow
S29E01,Dark Sienna
S29E01,Indian Yellow
S29E01,Midnight Black
S29E01,Phthalo Blue
S29E01,Phthalo Green
S29E01,Prussian Blue
S29E01,Sap Green
S29E01,Titanium White
S29E01,Van Dyke Brown
S29E01,Yellow Ochre
S29E02,Alizarin Crimson
S29E02,Bright Red
S29E02,Cadmium Yellow
S29E02,Dark Sienna
S29E02,Indian Yellow
S29E02,Midnight Black
S29E02,Sap Green
S29E02,Titanium White
S29E02,Van Dyke Brown
S29E02,Yellow Ochre
S29E03,Alizarin Crimson
S29E03,Bright Red
S29E03,Cadmium Yellow
S29E03,Dark Sienna
S29E03,Indian Yellow
S29E03,Midnight Black
S29E03,Phthalo Blue
S29E03,Phthalo Green
S29E03,Prussian Blue
S29E03,Sap Green
S29E03,Titanium White
S29E03,Van Dyke Brown
S29E03,Yellow Ochre
S29E04,Alizarin Crimson
S29E04,Black Gesso
S29E04,Bright Red
S29E04,Cadmium Yellow
S29E04,Dark Sienna
S29E04,Indian Yellow
S29E04,Liquid Clear
S29E04,Midnight Black
S29E04,Phthalo Blue
S29E04,Prussian Blue
S29E04,Sap Green
S29E04,Titanium White
S29E04,Van Dyke Brown
S29E04,Yellow Ochre
S29E05,Alizarin Crimson
S29E05,Bright Red
S29E05,Cadmium Yellow
S29E05,Dark Sienna
S29E05,Indian Yellow
S29E05,Midnight Black
S29E05,Phthalo Blue
S29E05,Prussian Blue
S29E05,Sap Green
S29E05,Titanium White
S29E05,Van Dyke Brown
S29E05,Yellow Ochre
S29E06,Alizarin Crimson
S29E06,Cadmium Yellow
S29E06,Midnight Black
S29E06,Phthalo Blue
S29E06,Phthalo Green
S29E06,Prussian Blue
S29E06,Sap Green
S29E06,Titanium White
S29E06,Van Dyke Brown
S29E07,Alizarin Crimson
S29E07,Black Gesso
S29E07,Bright Red
S29E07,Cadmium Yellow
S29E07,Dark Sienna
S29E07,Indian Yellow
S29E07,Midnight Black
S29E07,Sap Green
S29E07,Titanium White
S29E07,Van Dyke Brown
S29E07,Yellow Ochre
S29E08,Alizarin Crimson
S29E08,Bright Red
S29E08,Cadmium Yellow
S29E08,Dark Sienna
S29E08,Indian Yellow
S29E08,Midnight Black
S29E08,Phthalo Blue
S29E08,Prussian Blue
S29E08,Sap Green
S29E08,Titanium White
S29E08,Van Dyke Brown
S29E08,Yellow Ochre
S29E09,Alizarin Crimson
S29E09,Bright Red
S29E09,Dark Sienna
S29E09,Midnight Black
S29E09,Phthalo Blue
S29E09,Sap Green
S29E09,Titanium White
S29E09,Van Dyke Brown
S29E09,Yellow Ochre
S29E10,Alizarin Crimson
S29E10,Black Gesso
S29E10,Bright Red
S29E10,Midnight Black
S29E10,Prussian Blue
S29E10,Sap Green
S29E11,Alizarin Crimson
S29E11,Dark Sienna
S29E11,Midnight Black
S29E11,Phthalo Blue
S29E11,Prussian Blue
S29E11,Titanium White
S29E11,Van Dyke Brown
S29E12,Alizarin Crimson
S29E12,Dark Sienna
S29E12,Liquid Clear
S29E12,Midnight Black
S29E12,Phthalo Blue
S29E12,Phthalo Green
S29E12,Prussian Blue
S29E12,Titanium White
S29E12,Van Dyke Brown
S29E13,Alizarin Crimson
S29E13,Bright Red
S29E13,Cadmium Yellow
S29E13,Dark Sienna
S29E13,Indian Yellow
S29E13,Midnight Black
S29E13,Phthalo Blue
S29E13,Prussian Blue
S29E13,Sap Green
S29E13,Titanium White
S29E13,Van Dyke Brown
S29E13,Yellow Ochre
S30E01,Alizarin Crimson
S30E01,Black Gesso
S30E01,Bright Red
S30E01,Cadmium Yellow
S30E01,Dark Sienna
S30E01,Indian Yellow
S30E01,Midnight Black
S30E01,Phthalo Blue
S30E01,Sap Green
S30E01,Titanium White
S30E01,Van Dyke Brown
S30E01,Yellow Ochre
S30E02,Alizarin Crimson
S30E02,Black Gesso
S30E02,Bright Red
S30E02,Cadmium Yellow
S30E02,Dark Sienna
S30E02,Indian Yellow
S30E02,Liquid Clear
S30E02,Midnight Black
S30E02,Prussian Blue
S30E02,Sap Green
S30E02,Titanium White
S30E02,Van Dyke Brown
S30E02,Yellow Ochre
S30E03,Alizarin Crimson
S30E03,Bright Red
S30E03,Dark Sienna
S30E03,Indian Yellow
S30E03,Midnight Black
S30E03,Phthalo Blue
S30E03,Prussian Blue
S30E03,Titanium White
S30E03,Van Dyke Brown
S30E03,Yellow Ochre
S30E04,Alizarin Crimson
S30E04,Black Gesso
S30E04,Bright Red
S30E04,Cadmium Yellow
S30E04,Dark Sienna
S30E04,Indian Yellow
S30E04,Liquid Clear
S30E04,Midnight Black
S30E04,Prussian Blue
S30E04,Sap Green
S30E04,Titanium White
S30E04,Van Dyke Brown
S30E04,Yellow Ochre
S30E05,Alizarin Crimson
S30E05,Bright Red
S30E05,Cadmium Yellow
S30E05,Dark Sienna
S30E05,Indian Yellow
S30E05,Liquid Clear
S30E05,Midnight Black
S30E05,Phthalo Blue
S30E05,Prussian Blue
S30E05,Sap Green
S30E05,Titanium White
S30E05,Van Dyke Brown
S30E05,Yellow Ochre
S30E06,Alizarin Crimson
S30E06,Cadmium Yellow
S30E06,Dark Sienna
S30E06,Indian Yellow
S30E06,Midnight Black
S30E06,Prussian Blue
S30E06,Sap Green
S30E06,Titanium White
S30E06,Van Dyke Brown
S30E06,Yellow Ochre
S30E07,Alizarin Crimson
S30E07,Dark Sienna
S30E07,Midnight Black
S30E07,Phthalo Blue
S30E07,Prussian Blue
S30E07,Titanium White
S30E07,Van Dyke Brown
S30E08,Alizarin Crimson
S30E08,Bright Red
S30E08,Cadmium Yellow
S30E08,Dark Sienna
S30E08,Indian Yellow
S30E08,Midnight Black
S30E08,Phthalo Blue
S30E08,Phthalo Green
S30E08,Prussian Blue
S30E08,Sap Green
S30E08,Titanium White
S30E08,Van Dyke Brown
S30E08,Yellow Ochre
S30E09,Alizarin Crimson
S30E09,Bright Red
S30E09,Cadmium Yellow
S30E09,Dark Sienna
S30E09,Midnight Black
S30E09,Phthalo Blue
S30E09,Prussian Blue
S30E09,Sap Green
S30E09,Titanium White
S30E09,Van Dyke Brown
S30E09,Yellow Ochre
S30E10,Alizarin Crimson
S30E10,Black Gesso
S30E10,Cadmium Yellow
S30E10,Dark Sienna
S30E10,Indian Yellow
S30E10,Liquid Clear
S30E10,Midnight Black
S30E10,Phthalo Blue
S30E10,Prussian Blue
S30E10,Sap Green
S30E10,Titanium White
S30E10,Van Dyke Brown
S30E11,Alizarin Crimson
S30E11,Bright Red
S30E11,Cadmium Yellow
S30E11,Dark Sienna
S30E11,Indian Yellow
S30E11,Midnight Black
S30E11,Phthalo Blue
S30E11,Phthalo Green
S30E11,Prussian Blue
S30E11,Sap Green
S30E11,Titanium White
S30E11,Van Dyke Brown
S30E11,Yellow Ochre
S30E12,Alizarin Crimson
S30E12,Bright Red
S30E12,Cadmium Yellow
S30E12,Dark Sienna
S30E12,Indian Yellow
S30E12,Midnight Black
S30E12,Sap Green
S30E12,Titanium White
S30E12,Van Dyke Brown
S30E12,Yellow Ochre
S30E13,Alizarin Crimson
S30E13,Black Gesso
S30E13,Cadmium Yellow
S30E13,Dark Sienna
S30E13,Indian Yellow
S30E13,Midnight Black
S30E13,Phthalo Blue
S30E13,Prussian Blue
S30E13,Sap Green
S30E13,Titanium White
S30E13,Van Dyke Brown
S30E13,Yellow Ochre
S31E01,Alizarin Crimson
S31E01,Bright Red
S31E01,Cadmium Yellow
S31E01,Dark Sienna
S31E01,Indian Yellow
S31E01,Midnight Black
S31E01,Phthalo Blue
S31E01,Prussian Blue
S31E01,Sap Green
S31E01,Titanium White
S31E01,Van Dyke Brown
S31E01,Yellow Ochre
S31E02,Alizarin Crimson
S31E02,Dark Sienna
S31E02,Midnight Black
S31E02,Phthalo Blue
S31E02,Prussian Blue
S31E02,Titanium White
S31E02,Van Dyke Brown
S31E03,Alizarin Crimson
S31E03,Bright Red
S31E03,Cadmium Yellow
S31E03,Dark Sienna
S31E03,Indian Yellow
S31E03,Liquid Black
S31E03,Midnight Black
S31E03,Phthalo Blue
S31E03,Prussian Blue
S31E03,Sap Green
S31E03,Titanium White
S31E03,Van Dyke Brown
S31E03,Yellow Ochre
S31E04,Alizarin Crimson
S31E04,Bright Red
S31E04,Cadmium Yellow
S31E04,Dark Sienna
S31E04,Indian Yellow
S31E04,Midnight Black
S31E04,Phthalo Blue
S31E04,Sap Green
S31E04,Titanium White
S31E04,Van Dyke Brown
S31E04,Yellow Ochre
S31E05,Alizarin Crimson
S31E05,Dark Sienna
S31E05,Midnight Black
S31E05,Phthalo Blue
S31E05,Prussian Blue
S31E05,Titanium White
S31E05,Van Dyke Brown
S31E06,Alizarin Crimson
S31E06,Bright Red
S31E06,Cadmium Yellow
S31E06,Dark Sienna
S31E06,Indian Yellow
S31E06,Midnight Black
S31E06,Phthalo Blue
S31E06,Phthalo Green
S31E06,Prussian Blue
S31E06,Sap Green
S31E06,Titanium White
S31E06,Van Dyke Brown
S31E06,Yellow Ochre
S31E07,Alizarin Crimson
S31E07,Bright Red
S31E07,Cadmium Yellow
S31E07,Dark Sienna
S31E07,Indian Yellow
S31E07,Midnight Black
S31E07,Prussian Blue
S31E07,Sap Green
S31E07,Titanium White
S31E07,Van Dyke Brown
S31E07,Yellow Ochre
S31E08,Alizarin Crimson
S31E08,Black Gesso
S31E08,Dark Sienna
S31E08,Liquid Clear
S31E08,Midnight Black
S31E08,Phthalo Blue
S31E08,Sap Green
S31E08,Titanium White
S31E08,Van Dyke Brown
S31E08,Yellow Ochre
S31E09,Alizarin Crimson
S31E09,Bright Red
S31E09,Cadmium Yellow
S31E09,Dark Sienna
S31E09,Indian Yellow
S31E09,Liquid Black
S31E09,Midnight Black
S31E09,Phthalo Blue
S31E09,Phthalo Green
S31E09,Prussian Blue
S31E09,Sap Green
S31E09,Titanium White
S31E09,Van Dyke Brown
S31E09,Yellow Ochre
S31E10,Alizarin Crimson
S31E10,Black Gesso
S31E10,Bright Red
S31E10,Cadmium Yellow
S31E10,Dark Sienna
S31E10,Indian Yellow
S31E10,Liquid Clear
S31E10,Midnight Black
S31E10,Phthalo Blue
S31E10,Phthalo Green
S31E10,Titanium White
S31E10,Van Dyke Brown
S31E10,Yellow Ochre
S31E11,Alizarin Crimson
S31E11,Bright Red
S31E11,Cadmium Yellow
S31E11,Dark Sienna
S31E11,Indian Yellow
S31E11,Midnight Black
S31E11,Phthalo Blue
S31E11,Prussian Blue
S31E11,Sap Green
S31E11,Titanium White
S31E11,Van Dyke Brown
S31E11,Yellow Ochre
S31E12,Alizarin Crimson
S31E12,Dark Sienna
S31E12,Midnight Black
S31E12,Phthalo Blue
S31E12,Prussian Blue
S31E12,Titanium White
S31E12,Van Dyke Brown
S31E13,Alizarin Crimson
S31E13,Black Gesso
S31E13,Bright Red
S31E13,Cadmium Yellow
S31E13,Dark Sienna
S31E13,Indian Yellow
S31E13,Midnight Black
S31E13,Phthalo Blue
S31E13,Sap Green
S31E13,Titanium White
S31E13,Van Dyke Brown
S31E13,Yellow Ochre
